title,intro,category,comp_name,comp_addr,role,requirement,preferred,due,tech_stack,welfare,procedure
None,None,안드로이드 개발자|iOS 개발자|소프트웨어 엔지니어,"브레이브모바일(숨고,Soomgo)","서울 강남구 서울시 강남구 테헤란로 415, L7 강남타워 5층 브레이브모바일(숨고)","[기술 스택 & 사용 툴]|React, React-Native, TypeScript, Circle CI, Github, Github Action, Jest, App|[합류 직후 이런 일을 해요]|React-Native를 활용하여 모바일 애플리케이션을 개발하고 유지 보수합니다|목적 조직(Squad)에 소속되어 숨고 App.의 사용자 경험을 개선하고 더 나은 가치를 선사하기 위해 필요한 기능을 개발합니다|Chapter 구성원들과 함께 숨고 앱 프로젝트의 레거시 코드와 기술 부채를 개선합니다|모바일 OS에 대한 이해를 바탕으로 iOS/Android 플랫폼 변경사항 및 정책에 주도적으로 대응합니다|Chapter 내 활발한 코드 리뷰와 기술 논의를 통해 ‘코드 품질' 제품 퀄리티 향상에 기여합니다|[장기적으로 이런 일도 할 수 있어요]|빌드 및 배포 프로세스 개선을 위한 방법론을 주도적으로 제안하여 안전하면서도 빠른 App. 배포에 기여합니다|Design System 구축을 통해 DX와 UX를 개선합니다|자동화를 통해 불필요한 업무 리소스를 절감하여 Chapter 내 업무 생산성 향상을 견인합니다|길드(TF)에 소속되어 사용자 경험 개선을 위한 각종 프로젝트들을 주도적으로 수행합니다|Chapter 구성원들의 성장을 견인할 수 있는 각종 스터디를 기획하고 참여합니다","React, JavaScript 생태계에 익숙하고 TypeScript 활용이 가능하신 분|React-Native 경험이 있거나 관심이 있으신 분|Git을 이용한 버전 관리 및 협업 경험이 있으신 분|상황에 따른 트레이드 오프를 고려하여 최적의 판단을 내릴 수 있는 분|적극적이고 긍정적인 태도로 다양한 이해관계들과 협업할 수 있는 분|유연한 사고와 전문성을 바탕으로 다양한 기술문제에 대한 해결 능력이 있으신 분|코드 리뷰에 대한 깊은 공감을 기반으로, 수준 높은 코드 코드 리뷰 문화를 유지할 의지가 있는 분|좋은 코드에 대해 고민하시는 분|새로운 기술에 대한 거부감이 없고 빠르게 배우며 구성원들과 공유하는 것에 적극적인 분","모바일 App. 개발에 대한 수준 높은 전문성을 바탕으로 업무에 대한 열정과 지속적인 학습 의지를 가진 분|iOS / Android Native를 기반으로 App. 런칭부터 유지보수까지의 일련의 과정을 경험해 보신 분|애자일, 스프린트 방식 등 속도감 있는 스타트업 환경에 익숙하신 분|App. 퍼포먼스 개선을 경험하셨거나 이에 준하는 이해도를 갖고 계신 분|모바일 환경의 다양한 빌드 문제 해결 경험이 있는 분|시리즈 B 이상의 스타트업에서의 업무 경험을 보유하신 분|[미래의 동료에게 드리는 한 마디]|React-Native를 통해 숨고 App을 개발하고 있는 Mobile Chapter는 '사람들을 연결하여 삶의 질을 높인다'는 비전 아래, 1,000만 명의 유저들에게 숨고 App을 유용하고 편리하게 사용할 수 있는 경험을 제공하기 위해 치열하게 고민하고 있습니다.|Mobile Chapter는 목적과 기능에 따라 구분된 Squad에 소속되어 다양한 직군의 동료들과 협업하며 숨고 App의 기능을 개발하고 있습니다. 또한, 같은 Repository에서 함께 호흡하는 Chapter 동료들과 더 나은 코드와 구조, 개발 방향을 끊임없이 고민하고 있습니다.|Mobile Chapter에 합류하신다면 아래와 같은 경험을 할 수 있습니다.|1. 유저와 만나는 최전선에서 유저 경험을 개선하고 Squad 구성원들과 함께 비즈니스 목표를 달성하기 위한 기획 과정부터 회고까지의 일련의 경험을 하실 수 있습니다.|2. 누구보다도 성장에 대한 열정이 넘치는 동료들과 함께 나날이 성장하는 경험을 할 수 있습니다.|3. 새로운 일감을 주도적으로 발굴하고, 실현하기 위한 전략을 세워 실행하는 자율적인 업무 환경을 경험하실 수 있습니다.|모바일 개발에 대한 열정과 지속적인 성장을 추구하며, 팀워크를 중시하는 여러분을 Mobile Chapter에서 기다리고 있습니다. 지금까지의 성과를 넘어 앞으로 더 많은 도전을 함께 이뤄낼 분을 모십니다!",None,None,"[근무 환경과 복지]|1. 모두의 숨고를 위해|최대 500만원의 인재 추천 포상 제도를 운영합니다|매월 팀원과의 점심 맛집 탐방, 팀별 회식을 지원합니다|사내 동아리 활동비를 매월 지원합니다​|장기근속자는 10일의 refresh 휴가와 선물을 지급합니다|각종 정부지원사업을 적극 운영합니다|매년 명절 (설날, 추석) 전 날 그리고 마지막 근무일에는 모두 조기 퇴근합니다|2. 개인의 삶을 더 풍요롭게|구성원 모두에게 연간 240만원 상당 복지카드를 지급합니다|생일날 케이크와 상품권을 지급하고, 조기퇴근 혜택을 드립니다|명절에는 구성원 모두에게 선물을 지급합니다|경조사 발생 시 경조휴가와 경조금을 지원합니다|건강 검진을 위한 당일 반차를 지원합니다|퇴직연금 제도를 운영합니다|3. 몰입과 집중을 돕는 환경|지하철 2호선 선릉역에서 도보 2분 거리 쾌적하고 트렌디한 오피스에서 일합니다|루나랩 데스크, 노트북 등 최적의 업무 장비를 지원합니다 (포지션 별 상이)|무제한 커피, 음료, 간식을 제공하는 사내 편의점을 운영합니다|주 1회 리모트로 근무합니다|야근 시 식대와 교통비를 지원합니다|4. 함께 이루는 성장|전문성을 기를 수 있는 교육비, 도서비를 지원합니다 (최대 100만원)|숨고 서비스 이용 체험비를 지원합니다 (최대 100만원)|업무에 도움되는 외부 세미나, 컨퍼런스 참석을 권장하고 지원합니다|업무와 관련된 교육용 콘텐츠 지원합니다|활발한 사내 스터디와 세미나를 권장하고 지원합니다|[지원 시 유의사항]|산업기능요원 (보충역 신규/전직)의 편입 조건을 만족하여 최종 합격 후 신규 편입, 또는 전직이 가능하신 분들만 지원이 가능합니다 (산업기능요원 보충역 신규 편입, 또는 전직 대상자가 아닌 경우 전형이 취소될 수 있습니다)|병역 특례가 아닌 일반 Tech Team 채용 공고는 Engineering 직무를 확인해 주세요|본 공고는 지원 시점으로부터 6개월 내 숨고의 Engineering 직군(Mobile App Engineer 직무 포함)의 지원 이력이 있어도 지원이 가능합니다|지원서 내용, 또는 전형 진행 중 허위 사실이 있는 경우 전형 진행이 취소될 수 있습니다|취업보호대상자는 관련 법규에 의거하여 우대합니다",서류 전형 ＞ 과제 전형 ＞ 1차 인터뷰 ＞ 2차 인터뷰 ＞ 처우 협의 ＞ 최종 합격
None,None,"C,C++ 개발자|블록체인 플랫폼 엔지니어|소프트웨어 엔지니어",엔크립트,서울 강남구 강남구 논현로75길,"[On-Chain Engineer]|온체인 엔지니어로 합류하시게 될 Engineering팀은 카카오, 쿠팡의 시니어 엔지니어 경험과 시리즈B 스타트업의 CTO 출신인 CTO를 중심으로 성장지향적인 에너지를 갖고 프로덕트를 개발하고 있는 팀입니다!|엔크립트 Engineering 팀에서 회사 성장의 시작점부터 성장가도를 함께 만들어갈 온체인 엔지니어를 찾습니다!|Solana 프로그램 시스템 디자인 및 개발|백엔드 파트와 Integration 협업",자료구조 및 시스템 프로그래밍에 대한 이해가 있으신 분|간단한 자료 구조로 효율적인 코드 제작이 가능하신 분|IT 계열 학사 학위를 소지하신 분,시스템 프로그래밍 경험이 있으신 분(C/C++ 등)|블록체인 프로젝트 경험이 있으신 분|Rust 프로그래밍 언어 사용이 가능하신 분|컴퓨터 시스템에 대한 이해도가 높으신 분|논리적이고 완결성 있는 사고력을 지니신 분,None,None,"‍[우리는 이런 분위기에서 일해요]|영어닉네임을 사용하며 수평적으로 소통합니다!|시차출퇴근제, 재택 근무 등 편리한 출퇴근 환경에서 근무하고 있어요.|성장하고자하는 의지로 가득한 팀원들과 성과를 만들어 가고 있습니다.|[우리는 이런 복지를 가지고 있어요]|사내 블록체인 스터디 세션(Decipher학회장 COO 주관)|맥북 등 업무 장비 지원|생일 반차휴가|시차출퇴근제(7시~11시)|아침에 신청해도 되는 자유로운 연차사용(반반차 제도)|주 1회 재택|간식제공",서류 전형 -＞ 온라인 코딩테스트 -＞ 1차 면접(기술 및 컬쳐핏) -＞ 2차 C-level 면접 -＞ 처우 협의 -＞ 입사
None,None,"영상,음성 엔지니어|머신러닝 엔지니어|소프트웨어 엔지니어",블루닷,서울 강남구 강남구 언주로 527 강남텔레피아빌딩 4층,"[다음 업무를 통해 목표를 달성하고 성장합니다]|영상처리, 동영상 압축 알고리즘 및 성능 분석","[이런분과 함께하고 싶어요]|전자, 컴퓨터공학 학사 이상|C, Python 프로그래밍 능력|비디오 압축 혹은 영상 처리에 관심이 있으신 분|자격 요건 중에 한 두가지 부족하지만, 노력으로 충분히 캐치업할 수 있는 자신이 있다면 망설이지 말고 지원해주세요!",[이런분이라면 더욱 환영해요]|비디오 압축 혹은 영상 처리 관련 연구 수행 및 프로젝트 경험자|리눅스 환경에서 개발 가능,None,Linux|Java|Python|C|C++,"[더 몰입하실 수 있도록 도와드려요]|[Life]|점심비 지원|맛있는 점심을 드실 수 있도록 점심비를 지원합니다. (최대 12,000원)|복지포인트 지급|자기개발, 여가/취미 활동지원을 위한 복지포인트를 지급합니다.(연 최대 150만원)|경조사 지원|결혼, 출산, 장례 등 중요한 경조사에 축하 및 조의를 전하며 화환 및 경조비를 지급합니다.|명절 및 기념일 선물|명절과 기념일에 감사의 마음을 전하기 위해 소정의 선물을 지급합니다.|[Wellness]|종합건강검진 지원|직원의 건강관리를 위한 종합건강검진을 지원합니다.(연 1회, 100만원 상당)|[Work]|자율근무 및 휴가제도 운영|최적의 시간과 공간을 선택할 수 있는 자율 근무와 자율 휴가 제도를 운영합니다.|정해진 근무시간 없이 자유롭게 출근하시고, 법정 휴가 소진하셨어도 일정에 맞게 휴가 사용하실 수 있습니다|업무성장 지원|직원의 성장을 위해 업무 관련 도서 및 외부 교육을 지원합니다.|팀활동비 지원|팀의 원활한 협업과 소통을 위한 팀활동비를 지원합니다.|스카우트 리워드|함께 일하고 싶은 동료를 추천해주세요! 그럼 스카우트 리워드가 지급됩니다.|업무환경 개선|최고의 퍼포먼스를 위해 업무환경을 끊임없이 개선하고자 노력합니다.|[지원 및 진행 절차]|지원서류 : 자유양식의 이력서(필수), 포트폴리오(선택) / PDF 형식 권장|연봉, 신체 정보, 가족 사항 및 주민번호 등의 민감한 개인정보는 제외 부탁드립니다.|진행절차 : 서류전형 ＞ 코딩테스트&직무 인터뷰 ＞ 처우협의 ＞ 최종합격|지원자의 이력 및 경력 사항에 따라 일부 과정이 생략되거나 추가될 수 있습니다.",
None,None,.NET 개발자|웹 개발자,플랜트인사이트,서울 마포구 서울특별시 공덕동,WebGL 기반의 3D 랜더링 뷰어 구현|산업용 3D 모델을 WebGL 컨텐츠로 변환 기능 구현|WebUI 기능구현,"학력 : 4년제 졸업 이상(신입), 무관(경력)|경력자 : 유관 기술 경력자|3D Insight Web/AppStream 분야: Web 개발경험, WebGL개발 경험 또는 관심있으신 분.|AI분야: AI 기술 경험|E3D/S3D개반 프로그램 분야 : E3D, S3D, PDMS 개발경험. .Net 개발경험",컴퓨터/시스템 공학|해당 직무 근무 경험|학점 우수(신입),2024-11-07,None,"퇴직연금, 자유로운 연차 사용, 자유복장, 야근강요 x, 회식 강요 x, 수평적 조직문화, 명절선물/귀향비, 리프레쉬, 근로자의 날/창립일 휴무, 산전 후 휴가, 경조휴가제, 음료지원(차, 커피), 점심식사 제공, 자기계발비 지원, 도서구입비 지원, 주 52시간제 준수, 탄력근무제, 내일채움공제, 선택적복리후생, 문화생활비, 각종 경조사 지원, 건강검진, 휴일 수당","• 서류전형 ＞ 1차면접 ＞ 최종합격
• 면접일정은 추후 통보됩니다."
None,None,.NET 개발자|머신러닝 엔지니어|소프트웨어 엔지니어,플랜트인사이트,서울 마포구 서울특별시 공덕동,자연어쿼리 AI 기술|이미지기반 학습알고리즘 도입,"학력 : 4년제 졸업 이상(신입), 무관(경력)|경력자 : 유관 기술 경력자|3D Insight Web/AppStream 분야: Web 개발경험, WebGL개발 경험 또는 관심있으신 분.|AI분야: AI 기술 경험|E3D/S3D개반 프로그램 분야 : E3D, S3D, PDMS 개발경험. .Net 개발경험",컴퓨터/시스템 공학|해당 직무 근무 경험|학점 우수(신입),2024-11-07,None,"퇴직연금, 자유로운 연차 사용, 자유복장, 야근강요 x, 회식 강요 x, 수평적 조직문화, 명절선물/귀향비, 리프레쉬, 근로자의 날/창립일 휴무, 산전 후 휴가, 경조휴가제, 음료지원(차, 커피), 점심식사 제공, 자기계발비 지원, 도서구입비 지원, 주 52시간제 준수, 탄력근무제, 내일채움공제, 선택적복리후생, 문화생활비, 각종 경조사 지원, 건강검진, 휴일 수당","• 서류전형 ＞ 1차면접 ＞ 최종합격
• 면접일정은 추후 통보됩니다."
None,None,"DevOps / 시스템 관리자|C,C++ 개발자|소프트웨어 엔지니어",에이스웍스코리아,서울 강남구 서울 강남구 언주로81길 13 진일빌딩 3층,자율주행 알고리즘을 차량에 적용하기 위한 플랫폼 설계 및 프로토타이핑|자율주행 네트워크 설계|자율주행을 위한 컴퓨팅 플랫폼 설계|자율주행에 필요한 소프트웨어 환경 구축|알고리즘 연산에 필요한 시스템 소프트웨어 개발,"학사학위 이상 (자동차공학, 기계공학, 로보틱스, 컴퓨터 공학, 전기전자 등 관련 분야)|C/C++, Python 등을 활용한 Linux 기반의 프로젝트 경험|발전하고자 하는 의지",자율주행 관련 프로젝트 수행 경험 보유자|차량용 네트워크(CAN 등)에 대한 이해|일반 컴퓨터 외 플랫폼(ARM계열 혹은 차량용 임베디드) 사용 경험|석사 이상인 경우 전문연구요원 복무 가능,None,None,"[근무환경]|유연근무제 (출퇴근선택)|역삼-선릉 걸어서 10분 이내|커피와 과자, 음료수 등 간식 무제한 제공|라운지, 수면실 등 휴식공간 운영|[건강/가족지원]|건강검진 지원 (2년 주기 지원, 40세 이상 매년 지원)|경조사 지원 (휴가, 화환, 경조금 등)|정직원 상해보험 가입|[휴가지원]|회사 리조트 지원 (소노호텔앤리조트, 마리나베이호텔)|직원 휴가비 지원 (한국관광공사)|여기어때 비즈니스 회원|[직무능력향상 지원]|직무능력향상을 위한 교육,세미나 및 도서 지원|직원 특허 출원 및 등록 시 포상금 지급|신입사원 1:1 멘토링 제도 운영|[그 외에도 ... ]|생일자 축하금 지급|정규직 전환 시 축하금|장기근속자 포상 (휴가, 포상금)|사내동료추천제도 포상금 지급|외부주차장 이용 시 정기권 50% 지원|전동킥보드 월 정기권 지원|운전면허 취득 시 학원비 50% 지원","[채용절차]
• 서류전형 ＞ 실무·임원면접 ＞ 채용검진 ＞ 최종합격  
 (상황에 따라 실무면접이 별도로 진행될 수 있습니다.)

[제출서류]
• 이력서, 자기소개서, 최종학력 성적증명서(90일 이내 발급), 포트폴리오(선택), 이력서 내 희망연봉 필수기재

[근무조건]
• 근무형태: 정규직
• 근무일시: 주 5일(월~금)
• 급여조건: 협의 후 결정"
None,None,데이터 엔지니어|BI 엔지니어|데이터 사이언티스트,미르니,서울 관악구 서울시 관악로 12길 10,"온체인 데이터 기획에서부터, 데이터 시각화까지 전 과정을 맡아서 진행합니다.|온체인 데이터 기획 (예: 디파이 구조 조사)|온체인 데이터 인덱싱 (예: EVM Subgraph 인덱싱)|온체인 데이터 가공 (예: SQL 쿼리 작성)|온체인 데이터 시각화 (예: 데이터 프레임워크를 활용한 Javascript)",온체인 데이터 탐구에 대한 관심|SQL 사용 경험|Javascript 사용 경험,"노드인프라에서 운영중인 베라체인 BGTscan에 대한 깊이 있는 이해|온체인 데이터 분석 경험 (예: Dune Analytics)|EVM 등 블록체인 데이터 인덱싱 경험|최신 글로벌 블록체인 기술, 금융상품, 인센티브 구조에 대한 리서치 경험",None,None,"자유로운 연차 사용, 복장, 호칭|퇴직연금, 중소기업 청년 소득세 감면, 중소기업취업청년 전월세보증금 대출|간식, 생일선물, 명절선물, 각종 경조사 지원|리프레시/장기근속 휴가, 경조휴가, 출산휴가, 육아휴직 지원|최신형 노트북, 모니터, 의자 등 지원|고성과자 스톡옵션 부여",
None,None,"영상,음성 엔지니어|파이썬 개발자|머신러닝 엔지니어",미니레코드,서울 송파구 서울특별시 송파구 송파대로 558 월드타워빌딩 6F 미니레코드,"인공지능 TTS 모델 및 알고리즘 개발|다국어 TTS 모델 개발(한국어, 일본어, 중국어, 영어, 스페인어 등)|다감정 및 다화자 TTS 모델 개발|학습 데이터 생성, 모델 개발, 파인튜닝 등|API 개발 및 백엔드 협업|최신 공개 발표된 모델, 논문 분석 및 구현","딥러닝 학습 및 추론 프로세스 및 음성 합성 최신 기술 트렌드에 대한 이해|Python 패키지, PyTorch 딥러닝 프레임워크 능숙|음성 합성 모델 경력 및 전문성 보유자|최신 공개된 깃허브 코드를 참고하여 원하는 방식으로 빠르게 구현할 수 있는자","인공지능 관련 분야의 석사 학위 이상|관련 기술 구현 및 서비스 상용화 경력자|커뮤니케이션 및 문제해결 능력이 탁월한 자|기술 동향 및 학습에 대한 열정|사용자 경험 분석 및 개선 경험|단일/다중 화자, 다국어, 화자 적응형, 감정 표현, 표현 학습 음성 합성 경험|GPT SoVITS, VALL-E, P-Flow, Style-TTS series, Fish-speech 등 최신 코드를 구현해본 경험",None,None,"잠실역 출구에서 도보 3분 거리|4대보험|스톡옵션 도입|명절 상여 및 특근수당|중석식 제공|경조금 및 경조휴가|간식제공|월 1회 부서별 점심회식|자유로운 연차사용|최신장비지원|콘도이용 지원 ""소노팰리체"" 전국 체인 1인당 연 3일 지원|잠실역 7번출구 도보 2분거리",1차 대면 면접 - 처우 협의 - 합격통지
None,None,데이터 사이언티스트|머신러닝 엔지니어|소프트웨어 엔지니어,파인더스에이아이,"서울 서초구 서초구 강남대로 51길 1, 13층(서초동, 511타워)","컴퓨터 비전 기반 무인매장 솔루션(아마존 ""Grab and Go""와 유사)용 알고리즘 연구개발|매장 내 고객에 대한 3D pose estimation & tracking 알고리즘 연구개발|컴퓨터 비전 딥러닝 모델(Pose estimation, object detection) 결과를 포함한 multi-modal 정보에 기반한|고객의 최종적인 구매 내역 추론 알고리즘 연구개발|컴퓨터 비전 기반 무인매장 솔루션용 2D pose estimation 딥러닝 모델 연구개발 및 최적화",뛰어난 논리적 사고력 및 문제 해결 능력|알고리즘을 원활하게 SW로 구현할 수 있는 능력|다수의 딥러닝 모델 추론 결과를 기반으로 최종 결과물을 만들어내는 알고리즘 설계 경험,컴퓨터공학/수학/물리학 및 관련 분야 학사 학위|Pose estimation 딥러닝 기술에 대한 이해 및 구현 경험|뛰어난 커뮤니케이션 능력,2024-11-30,None,"유연한 출.퇴근 제도 운영|자유로운 연차 사용|수평적 호칭 문화|중식/석식/간식 제공|자기 개발비, 도서 구입비 지원|최신 업무 장비 지원|건강검진 지원",
None,None,파이썬 개발자,에이아이스페라,"서울 성동구 서울특별시 성동구 연무장5가길 7, 현대테라스타워 W701-704",자사 개발 보안 솔루션 Criminal IP 에 사용될 데이터 분석/개발 (제품종류 SaaS)|대용량데이터 처리와 데이터분석을 통한 인텔리전스/인사이트 개발|각종 자동화 시스템 개발,"컴퓨터, 인공지능(AI), 빅데이터, 공학 관련 석사 이상 전공자|Python 사용이 능숙하신 분|커뮤니케이션 및 협상 능력|고객과의 관계 구축 및 유지 능력|기술적인 이해력과 솔루션에 대한 깊은 이해|팀에서의 협업과 협력을 중시하는 마인드셋","Criminal IP 관련, 사이버 위협 인텔리전스에 대한 이해도 보유자 (포토폴리오 제출자)|LLM모델에 대한 연구 또는 개발 경험이 있는 분",2025-01-15,None,"에이아이스페라의 복지 패키지|1. Work|업무에만 집중할 수 있도록 에이아이스페라가 도와드립니다!|성수역 도보 5분 거리의 사무실|탄력근무제도 (출퇴근은 자유롭게!)|저녁 회식 없음|점심 식비 지원|금요일은 점심시간 30분 더!|야근시 야근식비 지원|간식지원 (시리얼, 토스트, 라면, 햇반, 우유, 음료 등)|한강 라면기계 및 커피머신|필요 물품 지원(소프트웨어, 하드웨어, 사무용품 등)|안마의자, 공기청청기, 스타일러까지!|2. 같이 성장해요!|직원의 성장이 곧 회사의 성장! 함께 성장해요.|도서 구매 지원|업무 관련 세미나, 교육 컨퍼런스 참관 및 지원|성과급 지급|특허 포상|멘토멘티제도|인재추천 보상 제도 운영|3. Refresh|에이아이스페라는 건강한 라이프를 지향합니다!|리프레시 휴가|가족돌봄 휴직|건강검진 휴가|경조사 휴가|출산, 육아관련 휴가 및 휴직|설날/추석 선물 지급|경조사비 제공|AI Spera의 컬쳐는 계속해서 업데이트 중입니다!",서류전형 - 1차 대면면접(필요 시 2차 면접 진행)  - 최종합격
None,None,"파이썬 개발자|C,C++ 개발자",파이오링크,"서울 금천구 서울특별시 금천구 가산디지털2로 98, IT캐슬 1동 401호",분산 스토리지 시스템 개발,"ㆍ학력 : 대졸 이상 (4년) / 전공 : 컴퓨터 공학 전공자|ㆍ경력 : 무관 (신입도 지원 가능)|ㆍ언어 : C++, Python",ㆍLinux 환경 개발 경험|ㆍCeph 운용 및 개발 경험|ㆍGolang 개발 경험|ㆍOpenstack 개발 경험|ㆍSAN/NAS 운용 및 개발 경험|ㆍ클라우드 개발에 관심 있는 자,None,Git|AngularJS|Linux|Java|JavaScript|SQL|jQuery|Spring Framework|JPA,"직원대출제도, 각종경조사지원, 단체상해보험, 복지포인트지급 등|4대보험, 인센티브제, 장기근속자포상, 우수사원포상, 퇴직금, 성과급, 야근수당, 휴일수당 등|사내동호회, 휴게실, 콘도/리조트 이용권, 포상휴가, 산전후휴가, 육아휴직, 남성출산휴가 등",
None,None,파이썬 개발자,하이퍼리즘,서울 관악구 서울 관악구 관악로 116 2층,"알파 투자 기회 탐색을 위한 다양한 툴 개발 및 디버그|거래 시스템 자동화 및 모니터링|시스템 병목 현상 및 버그를 식별하고 문제를 해결하기 위한 솔루션 구현|요구 사항 수집, 설계, 코딩, 테스트 및 배포를 포함한 소프트웨어 개발의 전체 생명주기 참여",하나 이상의 프로그래밍 언어(Python/Solidity/Typescript)를 능숙하게 다룰 수 있는 분|복잡한 아이디어를 명확하게 전달하는 능력을 가진 분|문제를 찾아내고 분석하는 비판적 사고 능력을 가진 분|뛰어난 문제 해결 능력과 냉철한 확률적 사고에 능한 분|빠르게 변화하는 크립토 산업에 적응할 수 있는 능력을 가진 분,크립토 생태계에 대한 높은 이해도를 보유한 분|최근 한 달 이내에 가상자산거래소 API 사용해 보신 분|개인 트레이딩 봇 개발 경험이 있으신 분|크립토 네이티브한 거래 기회(e.g. 거래소 간 차익거래 일명 '보따리') 발굴 경험이 있으신 분|개발 및 공학(특히 컴퓨터공학) 지식이 우수한 분|크립토/블록체인/Web3 관련 회사에서의 경험이 있으신 분|대규모 트레이딩 또는 고빈도 트레이딩 설계 경험이 있으신 분,None,Git|Linux|Python|TypeScript|AWS|Docker,"정규직|고수준의 기본급 보장|회사 수익에 따라 매년 업계 최고 수준의 성과급을 지급|뛰어난 성장성과 높은 퍼포먼스를 보여주는 분께는 스톡옵션 지급|[업무 환경]|근무시간 : 09:00 ~ 18:00|야근 없고 자유로운 분위기의 사무실|넉넉한 점심 식대 제공|도쿄 본사 크로스 오피스 근무 지원 (반기 1회, 1달 이내, 체류비 지원)|서울대입구역 도보 7분 : 서울 관악구 관악로 116 학선빌딩 2층|16인치 MacBook Pro (Apple Silicon) 및 4k 모니터 제공|자기계발비 연간 최대 100만원 지원","• 서류 심사 ＞ 직무 테스트 ＞ 1차 인터뷰 ＞ 2차 인터뷰 ＞ 최종 제안
• 지원자의 경력과 배경에 따라 일부 과정은 생략되거나 간소화 될 수 있습니다.
• 주민번호, 현재 연봉 및 희망 연봉 등의 민감 개인정보는 삭제 또는 마스킹 후 제출해 주시기 바랍니다."
None,None,".NET 개발자|C,C++ 개발자|소프트웨어 엔지니어",클레,"서울 성동구 서울시 성동구 왕십리로 58, 서울숲포휴 511호-514호","3차원 머신비전 솔루션 데스크탑 앱을 개발하고 유지보수합니다. (Windows)|3차원 카메라 조작 앱을 개발하고 유지보수합니다. (Windows/Linux/MacOS)|3차원 카메라를 활용한 새로운 데스크탑 앱을 개발합니다. (Windows/Linux/MacOS)|[구체적으로 어떻게 성장할 수 있나요?]|높은 성능과 안정성을 요구하는 현장에서는 여전히 데스크탑 앱에 대한 수요가 높습니다. 또한 응용분야와 산업 별로 요구하는 플랫폼이 다르기 때문에 저희는 기본적으로 크로스플랫폼 개발을 지향합니다. 클레와 함께 하시면 높은 성능과 안정성을 갖춘 데스크탑 앱을 다양한 플랫폼으로 배포 가능한 개발자로 성장하실 수 있습니다. 또한 클레의 응용분야는 컴퓨터비전, 인공지능, 머신러닝, 메타버스 등입니다. 함께 개발 프로젝트를 진행하면 이와 같이 요즘 핫한 분야에 대한 경험과 지식을 습득하실 수 있습니다!",기술스택과 맞지 않더라도 본인이 자신 있는 프로그래밍 언어 하나는 있어야 합니다.|새로운 것을 배우는 데 두려움이 없어야 합니다.|다양한 직군과의 원활한 의사소통 및 협업 능력이 있어야 합니다.|자기 주도적으로 개발하며 스스로 동기 부여할 수 있어야 합니다.|업무상 필요에 의하여 해외출장이 있을 수 있습니다.|대학교 졸업(4년) 이상 또는 그에 준하는 학력 기준을 요합니다.,"기술스택에 있는 언어나 프레임워크를 다뤄본 경험이 있으면 좋습니다.|데스크탑 앱을 개발해본 경험이 있으면 좋습니다.|공장자동화 관련 개발을 해본 경험이 있으면 좋습니다. (PLC, 로봇 등)|컴퓨터비전 관련 개발을 해본 경험이 있으면 좋습니다.|Git 을 사용할 줄 알면 좋습니다.|영문 자료를 참고하고 해외 커뮤니티에서 소통하며 문제를 해결할 수 있는 영어실력이 있으면 좋습니다.|보유 기술스택과 툴: OpenGL, C+, SW, Linux, macOS, Qt, Python, C#, Windows, .NET",None,None,"[클레는 임직원들을 위해 지원을 아끼지 않습니다.]|[근무환경]|선택적 근로시간제 적용: 월 소정근로시간 내 유연근무 (코어타임: 오후1시~4시)|소정근로 이상 일하게 되면 연장근무수당 별도 지급해드려요.|코어타임(오후1시~4시)에만 사무실에 있으면 되고, 휴게시간도 자유롭게 사용하실 수 있어요.|유연한 휴가제도 & 휴가비지원: 분 단위 연차사용, 휴가비 지원 등|자율복장 근무: 기본적인 클레의 톤앤매너에 맞춰 캐주얼한 복장을 선호하고, 사무실 내에서는 슬리퍼를 제공해드려요.|'님'으로 소통하는 수평적인 문화를 지향해요.|비동기 커뮤니케이션 툴을 사용해요. (슬랙, 노션, 구글캘린더 등)|업무에만 몰입할 수 있는 환경을 제공해드리고, 업무 능률에 도움이 되는 좋은 장비를 드립니다.|서울숲역에서 5초컷, 믿을수 없을 만큼 가까워요 : )|서울숲이 가까워서 산책하기 좋고 주변에 핫플레이스 많아요.|[사내지원]|개인별 법인카드 지원: 기명식 법인카드 1인 1장 제공 (불필요한 결재 절차 없어요)|식사비 지원: 4시간 근로당 1만원에 식비 지원, 8시간 근로시 일 최대 2만원 지원 (4인 이상 함께 식사시 별도의 추가지원도 돼요)|업무에 도움이 되는 자기계발이라면 얼마든지 지원해요 (세미나 참석, 강의수강, 도서구입 등)|온보딩 통과 후 회사 근처의 스튜디오에서 프로필사진 촬영을 지원해요.|출장비 넉넉하게 지원해요.|음료와 간단한 간식을 지원해요.|[생활지원]|기숙사 지원: 안양사무실 인근 기숙사 주거지원 (인덕원역 인근에 있어요)|법인 상조지원 서비스 지원 (슬픈일은 나누면 줄어들어요)|[건강/휴식]|연 1회 종합건강검진 지원 (전문의료기관)|1:1 건강 컨설팅 서비스를 월 구독하고 있어요. 우리회사 팀닥터 컨셉의 전문 물리치료선생님께서 월 2회 이상 클레에 정기방문하여 팀원분들에게 수기마사지 및 운동교육을 진행해드려요.|장기근속 년수에 따라 리프레쉬 휴가가 있어요. (*3년 근속하시면 2주의 유급휴가 추가지원)|폭신한 소파, 안마의자, 커피머신 등 휴게공간이 있어요.","[채용절차]
• 서류전형 - 1차 인터뷰 - 2차 인터뷰 - 3차 커피챗 - 처우 협의 & 입사일 조정 - 최종합격
※절차는 변경될 수 있습니다.

• 인터뷰는 모두 세 번 진행됩니다. (1차)공통질문면접  (2차)기술면접  (최종)커피챗
• 1차는 공통질문과 인성 위주의 면접, 2차는 팀동료가 될 동료면접관이 함께하는 포트폴리오 발표와 기술면접 입니다. 
• 1차면접 합격자에 한하여 2차면접을 별도의 일정을 제안드려 조율 후 진행합니다.
• 3차 커피챗: 클레 본사가 위치한 건물 인근 카페에서 커피챗 형태로 진행합니다.
• 그외, 직무 및 포지션에 따라 조금씩 달라질 수 있습니다.

[급여와 근무 조건]
• 입사 후 3개월간은 온보딩기간으로 수습계약과 포괄임금제 적용됩니다.
• 연봉은 경력별 협의하여 결정되고, 대졸 신입 기준 연봉 4000만원 입니다.

[참고사항]
• 서류 합격자에 한해 연락드립니다.
• 본 채용은 수시 진행으로 우수 인재 채용 시 마감될 수 있습니다."
None,None,머신러닝 엔지니어,라온데이터,서울 중구 서울특별시 장충단로 209 5층,"주어진 비즈니스 문제를 가장 효과적으로 해결할 수 있는 AI 기술을 탐색합니다.|최신 ML/DL 기술을 follow-up 하고 우리 팀의 문제해결에 도움을 줄 수 있는지 검토합니다.|개발한 ML/DL 모델을 학습하고 정확하게 평가합니다.|Data Engineer, SW Engineer와 협업하여 모델을 배포하고 평가합니다.","PyTorch를 활용한 딥러닝 모델 구현 경험이 있고, 최신 딥러닝 논문을 빠르게 이해하고 정확히 구현할 수 있는 분|AI 관련 분야 전반, 머신러닝, 딥러닝 이론에 대한 전반적인 이해가 있는 분","국제학술지,학술대회에 1저자로 논문 게재 경험이 있는 분",None,None,"모든 팀원간의 수평적인 관계|입사 시 300만원 상당의 기기 지원|회사 내에 스터디/연구 적극지원|자유로운 분위기|저녁식대 지원(14,000원)|사무용품비 지원(최대 30만원)",서류전형 - 온라인 면접 - 오프라인 면접
None,None,파이썬 개발자,에이아이스페라,"서울 성동구 서울특별시 성동구 연무장5가길 7, 현대테라스타워 W701-704","자사 개발 보안 솔루션 Criminal IP 에 사용될 데이터 분석/개발 (제품종류 SaaS)|프롬프트 엔지니어링을 통한 시스템 개발 (ChatGPT, 자체구축 LLM)|대용량 DB 와 AI 를 응용한 각종 자동화 시스템 개발","컴퓨터, 인공지능(AI), 빅데이터 관련 석사 이상 전공자|Python 사용이 능숙하신 분|LLM모델에 대한 연구 또는 개발 경험이 있는 분|커뮤니케이션 및 협상 능력|고객과의 관계 구축 및 유지 능력|기술적인 이해력과 솔루션에 대한 깊은 이해|팀에서의 협업과 협력을 중시하는 마인드셋","Criminal IP 관련, 사이버 위협 인텔리전스에 대한 이해도 보유자 (포토폴리오 제출자)",2025-01-21,None,"에이아이스페라의 복지 패키지|1. Work|업무에만 집중할 수 있도록 에이아이스페라가 도와드립니다!|성수역 도보 5분 거리의 사무실|탄력근무제도 (출퇴근은 자유롭게!)|저녁 회식 없음|점심 식비 지원|금요일은 점심시간 30분 더!|야근시 야근식비 지원|간식지원 (시리얼, 토스트, 라면, 햇반, 우유, 음료 등)|한강 라면기계 및 커피머신|필요 물품 지원(소프트웨어, 하드웨어, 사무용품 등)|안마의자, 공기청청기, 스타일러까지!|2. 같이 성장해요!|직원의 성장이 곧 회사의 성장! 함께 성장해요.|도서 구매 지원|업무 관련 세미나, 교육 컨퍼런스 참관 및 지원|성과급 지급|특허 포상|멘토멘티제도|인재추천 보상 제도 운영|3. Refresh|에이아이스페라는 건강한 라이프를 지향합니다!|리프레시 휴가|가족돌봄 휴직|건강검진 휴가|경조사 휴가|출산, 육아관련 휴가 및 휴직|설날/추석 선물 지급|경조사비 제공|AI Spera의 컬쳐는 계속해서 업데이트 중입니다!",서류전형 - 1차 대면면접(필요 시 2차 면접 진행)  - 최종합격
None,None,"그래픽스 엔지니어|C,C++ 개발자",클로버추얼패션(CLOVirtualFashion),서울 강남구 서울 강남구 테헤란로 152,"CLO 와 MarvelousDesigner를 사용하는 전 세계 유저들의 요구사항을 분석하여, 그에 맞는 새로운 기능을 만들어 나갑니다.|최첨단 의상 시뮬레이션 기술을 경험/연구하고, 최적화 해나가는 일을 합니다.|최신 렌더링 기술을 경험/연구하고, 의상에 최적화된 렌더링 기술을 개발합니다.|Qt Framework 을 사용하여 Windows와 Mac에서 cross-platform으로 동작하는 최적의 UI를 개발합니다.|API/SDK를 개발하여, 다양한 게임엔진(Unity, Unreal) 과 연동되는 시스템을 구축합니다|*CLO 는 입사할 때 담당할 개발 업무를 확정하지 않습니다. 입사 후 3개월간의 온보딩 과정을 통해 신규 입사자의 관심과 역량에 가장 잘 맞는 업무를 찾아가도록 도와드릴게요!","C/C++ 언어를 이용하여 원활하게 개발이 가능하신 분|프로그램 설계, 자료 구조, 알고리즘에 대한 이해가 가능하신 분|함께 배워나가며 발전해나가는 데 기쁨을 느끼시는 분","OpenGL, GLSL, WebGL 등을 사용한 Graphics application의 개발 경험이 있으신 분|Qt를 통한 프로젝트 개발 경험이 있으신 분|OpenCV, CUDA 등의 GPU 프로그래밍 및 최적화에 경험이 있으신 분|Vulkan, Metal 을 사용한 개발 경험이 있으신 분|게임엔진 (Unreal, Unity) 을 통한 게임 제작 경험이 있으신 분|이런 마인드셋을 가지고 계시다면 CLO에서의 생활이 더 즐거워 집니다:|옷을 좋아하고, 패션에 관심이 있으신 분|사용자와의 소통을 즐거워하고, 사용자의 만족을 중요하게 여기시는 분|실패를 두려워하지 않고, 끊임없는 창의적인 시도를 좋아하시는 분|동료들과 토론하며 더 나은 방향을 찾아나가는 것을 즐거워 하시는 분|비록 유창하지 않더라도 영어로 의사소통하는데 거부감이 없으신 분",None,None,"개인장비: 듀얼 모니터와 데스크탑/랩탑 혹은 MacBook/iMac (3년마다 업그레이드)|자기계발: 자기계발 및 체력단련 비용, 도서 구입비, 최신 툴, 동아리 지원금|식사, 간식: 중식 제공, 고급 커피 제공, 간식|연차, 휴가: 경조사 휴가, 건강검진 휴가, 법정 연차휴가, Year-end holiday (12/25~1/1)|근무 형태: 유연 근무제, AM 07 ~ 10 to PM 04 ~ 07|보험, 의료: 대형 병원 건강검진, 경조사비, 4대 보험|기타: 복리후생(복지포인트, 명절 선물)|[Culture]|-Flexible Work Schedule “우리 모두의 Working Time은 다 달라요.”|오전 7시 ~ 10시 내에 자유롭게 출근을 하는 문화를 갖고 있어요. 개인과 팀마다 업무에 집중할 수 있는 시간대는 다르므로, 자유롭게 출퇴근을 하고 있어요.|더불어, CLOver는 다양한 time zone에서 일을 하고 있어요. 만약 시차로 인해 밤에 미팅이 있다면, 다음 날은 늦게 출근을 하거나 일찍 퇴근을 하며 업무 시간을 자유롭게 조율해요.|-Over Communication “항상 active하게 소통하고 공유해요.”|전세계 CLOver들과 Slack으로 업무를 공유하고 소통하고 있어요. 최대한 모든 Slack의 Channel은 공개적으로 운영하고 있기 때문에, 관심이 있거나 궁금한 Project가 논의되고 있는 Channel에 언제든지 참여할 수 있어요.|분기마다 모든 팀이 시도했던 업무와 성과, lesson learned을 공유하고 있어요. CLOver들은 전 세계에 있기때문에, 영상을 통해 공유를 하고 있어요.|Non hierarchy를 지향해요. 직급/직위로 소통하는 것이 아닌 각자의 영어 이름으로 소통을 하고 있고, 누구나 아이디어와 의견을 자유롭게 제시할 수 있어요.|-No Limitation “CLO에서는 무엇이든 가능해요”|CLO에서는 여러가지 시도와 도전을 해보는 것을 무한 응원해요. 그동안 해보지 않았던 일들을 CLO에서는 마음껏 재미있게 시도해볼 수 있어요.|-Refresh “누구에게나 재충전과 휴식은 필요해요.”|휴가를 내실 때에 별도의 승인 절차가 없어요. 사전에 팀원들과 일정을 공유 및 조율하신다면, 언제든지 자유롭게 휴가를 사용할 수 있어요.|잠시 복잡한 서울을 떠나, 제주도 오피스에서 한 달동안 근무를 하실 수 있어요. 일명 ""제주 한 달 살기""에 나서실 때 가족끼리 머무시기에 부족함 없는 사택과 왕복 항공권 또한 지원해 드려요.|물론 제주도로 개인 휴가를 떠나실 때에도, 사택을 이용하실 수도 있어요.|[Benefits and Perks]|-Keep growing “자기계발비와 업무에 필요한 리소스를 아낌없이 지원해드려요.”|CLO는 CLOver의 성장을 무한 응원해요. 직무 관련한 학습을 위한 자기계발비를 지원 드리고 있어요. 이 외에도, 업무에 필요한 tool도 최대한 아낌없이 지원해드리고 있어요.|-Healthier Life “건강이 가장 중요해요.”|일도 중요하지만, 건강이 가장 중요해요. 매년 건강검진을 지원해드리고 있으며, 건강검진을 다녀오신 날에는 휴가(1day)를 드리고 있어요.|-Meals & Snack “밥은 항상 잘 챙겨 먹어야 해요.”|아침 샐러드바, 점심 식사 및 간식비를 지원해드리고 있어요. 물론, 불가피하게 야근을 하게 되셨을 경우 저녁 식대 역시 당연히 지원해드리고 있어요.|클로버추얼패션 사내 활동 영상: https://youtu.be/r6Ob6tAAT9M|[CLO의 소프트웨어]|CLO: https://www.clo3d.com|Marvelous Designer: https://www.marvelousdesigner.com|Jinny: https://connect.clo-set.com/jinny|[CLO의 플랫폼]|CLO-SET: https://style.clo-set.com/aboutus|CONNECT: https://connect.clo-set.com/|[전세계 디자이너의 일하는 방식을 바꿔놓은 회사 - EO]|https://www.youtube.com/watch?v=RG8LFEKg1D8",
None,None,"시스템,네트워크 관리자|보안 엔지니어|기술지원",로그프레소,서울 마포구 서울 마포구 새창로 7 SNU장학빌딩 9층,"리눅스/윈도우 OS 및 가상화 플랫폼 기반 SIEM, SOAR 제품 설치|보안장비 로그 수집|비정형 로그 데이터 파싱|로그프레소 쿼리 기반 탐지 룰, 시나리오, 보고서 세팅","SQL/Python/Java 프로그래밍 기초 능력이 있으신 분|Linux 관리업무 가능자 (Shell 스크립트, tcpdump, 보안설정, 시스템 진단)|적극적이고 능동적인 성향을 가지신 분|동료와 원활한 커뮤니케이션이 가능하신 분","컴퓨터공학 및 정보보안 유관 전공 학위가 있으신 분|기술적 취약점 진단 및 모의해킹을 경험해보신 분|정보보안기사 등 유관 자격증 보유하신 분|IT 인프라 기술에 대한 이해가 높으신 분|유닉스 운영체제에 능숙하신 분|방화벽, IDS, IPS, 라우터, 스위치 등 네트워크&보안 인프라에 관한 지식을 보유하신 분|클라우드 인프라(AWS, Azure 등)에 관심이 있으신 분|데이터베이스(오라클, 마리아DB 등)에 대한 지식이 있으신 분",None,None,"자율 재택근무 : 재택근무를 시행하고 있으며, 재택 업무에 필요한 모니터 등 장비를 지원합니다. (담당 업무에 따라 달라질 수 있습니다.)|재택비용 지원 : 효율적인 재택 업무 환경 조성을 위해 매월 재택비용을 지원합니다.|유연근무제 : 팀별로 Core-time (11시-4시) 을 제외한 자유로운 출퇴근(업무시작/종료) 시간을 정할 수 있습니다.|백신휴가 : 코로나19 백신 접종을 위한 백신휴가를 지급하며, 개인별 이상 반응에 따라 자유로이 사용 가능합니다!|역세권 초 근접 사무실 : 환승이 자유로운 공덕역 2분 거리에 위치하고 있어 사무실 업무가 필수인 분들에게도 출퇴근이 편리합니다.|임직원 종합건강검진 : 임직원에게 매년 50만원 상당의 종합 건강검진 프로그램을 제공하며, 소중한 1인에게도 추가 지원합니다.|리프레시 휴가 : 입사 후 근속 만 4년부터, 3년 단위로 10일의 리프레시 유급 휴가를 제공합니다.|개인의 성장을 위한 외부교육 적극 지원 : 별도 승인 없이 연간 60만원까지 교육비 지원하며, 그 이상은 협의하여 지원합니다.|경조금/경조휴가 지원 : 친가/외가, 본인/배우자 동일한 경조 휴가 및 경조금 제도를 운영합니다.|업무용 최신 device 지원 : 맥북/레노버/LG 그램 랩탑과 27인치 4K 모니터 등 업무 최적의 환경을 제공합니다.|타운홀 미팅 개최 : 매월 마지막 금요일에 주요 이슈사항을 공유하고, 구성원의 의견을 수렴하고자 타운홀 미팅을 개최합니다.|Family Day : 매월 마지막 금요일은 Family Day 입니다. 타운홀 미팅 종료 후 조기 퇴근하시어 가족 분들과 즐거운 시간 보내세요!","• 입사 지원 시 서류 검토＞면접 ＞ 2차 면접(필요시) ＞ 최종 합격 의 순서로 진행됩니다.
• 모든 면접은 화상으로 진행됩니다."
None,None,데이터 엔지니어|보안 엔지니어|기술지원,이글루코퍼레이션,서울 송파구 서울 송파구 문정동 정의로 8길 7 한스빌딩 ㈜이글루코퍼레이션,ㆍ자사 보안 솔루션 기술지원 ( SIEM / AI / SOAR  등 구축지원 / 유지보수 / 장애처리),"ㆍ학력 : 초대졸 이상 (IT 및 정보 보안 관련 학과 전공자)|ㆍ구분 : 신입 / 경력|ㆍ대인 관계 및 커뮤니케이션이 원활한 자|ㆍ시스템 및 데이터베이스 지식 보유자 (Linux ＆ MariaDB 등)|ㆍ빅데이터, 로그 분석 등 다양한 지식 학습 의욕이 강한 자","ㆍ정보처리기사 / 정보보안기사 자격증 우대|ㆍ통합보안관리 / 통합보안관리 구축 및 유지보수 경험자 우대|ㆍLinux, Oracle, MariaDB 경험자 우대",2024-11-30,Linux|Oracle,"임직원 건강관리 지원제도|- 임직원 단체보험 가입 (보장성, 일반형)|- 종합 검진제도 시행 (특정 직급 이상)|학자금 지원제도|- 학위 취득 장려금 제도 (석사/박사)|포상제도|- 장기근속 포상제도, 우수사원 표창제도, 특허개발 포상제도, 인재추천 포상제도|회사 콘도 지원제도|- 회사 명의의 콘도 이용|동호회 지원제도|- 건전한 취미활동 및 진목 도모를 위한 동호회 활동비 지원|경조사 지원제도|- 경조휴가, 경조금, 경조 화환 등|근무환경 지원|- 유연근무제 도입, 연구개발본부 재량근무제 (자율출퇴근제) 시행|기타 복리후생 제도|- 4대보험 법정보험 가입|- 가족수당 지급|- 통신비 일부 지원",
None,None,머신러닝 엔지니어,테스트웍스,서울 송파구 송파구 백제고분로41길 41-29 더블유 123빌딩 3층,3차원 공간데이터 수집기 개발 (LiDAR/Radar/Camera)|딥러닝 기반 3차원 데이터 모델링 (3D Object Detection/Semantic Segmentation/Depth Completion/Depth Estimation/SLAM etc.)|실 산업현장에서의 인공지능 기반 자동화 솔루션 개발,"Python, C/C++ 언어 중 1개 이상에 능숙한 자|Pytorch/Tensorflow/Caffe 중 2개 이상의 프레임워크에 능숙한 자|ROS/Matlab 중 1개 이상 사용이 가능한 자|의미론적 객체 분할 / 이상행동탐지 등 과 같은 딥러닝 프로젝트에 참여해 본 자|3차원 공간데이터 랜더링 / 모델 개발이 가능한 자|관련 석사학위를 보유한 자 혹은 2년 이상의 실무경험",선형대수/통계학에 대한 기본 지식이 있는 자|LiDAR / IR Camera 등의 센서를 다루어 본 자|컴퓨터비전/딥러닝/SLAM 등 관련 연구(논문)을 이해하고 구현이 가능한 자|Top-tier 학회 논문 혹은 관련 박사 학위를 보유한 자|ROS 시스템을 사용하여 멀티센서 수집 시스템을 구축해 본 경험이 있는 자|유창한 영어 회화 역량을 보유한 자|Frontend/Backend 등 관련된 기술이 있는 자,None,None,"[워크샵&온보딩]|신규입사자 입문교육 '테스트웍스로'|[교육 지원]|직무 관련 자격증 취득을 위한 자격증 취득 비용 지원|업무 관련 컨퍼런스/교육/도서구입비 지원|사내 온,오프라인 직무, 리더십 교육 등|[리프레시&성장]|격주 Beer Day 운영|Happy Friday(4시 조기 퇴근) 운영|flexible time 운영 (8~10시 자율 출퇴근)|사내 부서 이동 제도|[건강&여가 활동]|매달 팀 회식비 지원|사내 동호회 운영 지원|[포상제도 운영]|1주년, 3주년 근속자 포상|장기 근속자 포상|우수 인재 추천 근무 시 포상|[그 외 다양한 혜택]|명절 선물 제공 및 경조사 지원|야근 택시비, 야근 식대 지원|직무 수행에 필요한 최신 장비 및 소프트웨어 지원|석촌호수 전망|자유로운 연차 사용|편리한 출퇴근(잠실역 2호선, 석촌역  8,9호선)|장애인 편의 시설 (엘리베이터, 화장실)",
None,None,머신러닝 엔지니어,모빌린트,"서울 강남구 서울특별시 강남구 테헤란로19길 5, 삼보빌딩 7층","- Quantization, Pruning 등 딥러닝 모델 경량화 연구 및 적용|- HW 최적화를 고려한 딥러닝 모델 아키텍쳐 설계 및 학습|- 딥러닝 최신 연구 동향 분석","- 딥러닝 프레임워크(PyTorch, TensorFlow 등) 활용 능력|- 프로그래밍 언어(Python, C/C++ 등) 활용 능력|- 수리적, 논리적 분석을 통한 문제 해결 능력","- 경량화 및 딥러닝 모델, 학습 개발 경험 및 논문 실적이 있으신 분|- 수학적 사고와 통계, 최적화 등 각종 수학 이론에 대한 이해가 높으신 분|- NPU 또는 GPU에 대한 이해도가 높으신 분",None,Git|Pytorch|Tensorflow|Perl|Python|딥 러닝|C|C++|운영체제|펌웨어|FPGA|SoC|컴퓨터 비전|Verilog|TCL|STP|Xilinx|RTL 설계|RTL 코딩,"[ 여러분의 성장을 응원합니다 ]|전 세계가 주목하는 AI 반도체라는 인공지능, 반도체 분야의 최첨단 기술을 접할 수 있습니다.|AI 반도체 특성상 타 분야 엔지니어와의 교류가 필수적이며 인공지능 솔루션 기업들과 협업할 기회가 많기 때문에 다양한 경험을 통해 시야를 넓히고 융합형 인재로 성장할 수 있습니다.|열정적이고 성장에 욕심 많은 멤버들을 위해 세미나 참석비 지원, 도서구입비 지원 제도를 운영하고 있습니다.|직무발명보상제도를 운영하여 멤버들의 역량 증진을 장려하고 성과에 대해 보상해드리고 있습니다.|[ 우리는 이렇게 일해요 ]|자율출퇴근, 자유복장을 원칙으로 하고 있습니다. (전문연구요원의 경우 병역법에 의거 자율출퇴근 적용이 어려울 수 있습니다)|공공기관에 준하는 휴일, 휴가 제도를 운영하며 연차는 자유롭게 사용하실 수 있습니다.|직급없이 님을 사용하며 스스로 업무를 관리하는 수평적 조직문화를 자랑합니다.|불필요한 문서 작업을 철저히 배척하고 직접적이고 빠른 의사소통으로 문제를 해결합니다.|[ Low-Risk & High-Return ]|열정페이가 아닌 열정이 샘솟는 페이를 지향합니다.|국내 AI 반도체 선도기업 중 규모가 작은 편으로, 지금 합류하시면 회사의 성장으로 인한 기쁨을 스톡옵션을 통해 금전적으로도 충분히 누리실 수 있습니다.|AI 반도체는 차세대 비메모리 반도체 패권을 결정짓는 국가전략산업으로 미국은 2025년까지 56조원, EU는 2030년까지 182조원, 우리 정부 역시 1조 4000억원의 투자를 발표했습니다.|모빌린트는 국내최고수준의 AI반도체 기술력을 활용하여 지금도 여러 과제에 참여하고 있으며, 앞으로도 정부 지원을 통해 안정적으로 AI 반도체 기술 국산화에 도전할 계획입니다.|[ 쾌적한 근무 환경 ]|멤버들이 연구 개발에 집중하실 수 있도록 편안한 환경 조성을 최우선 목표로 하고 있습니다.|선릉역 3분 거리에 있는 넓고 깨끗한 사무실에서 근무합니다.(깔끔한 회의실 5개 포함)|신규 멤버가 입사하실 때마다 최고 사양의 컴퓨터와 듀얼 모니터를 새로 구입해드리며 필요한 소프트웨어를 요청하시면 지체 없이 지원해드립니다.|[ 그 외 소소한 복지 제도 ]|4대 보험 및 건강검진 지원|중식 및 석식 제공|간식, 음료 무제한 제공 (원하는 메뉴 요청)|고급 캡슐 커피 무제한 제공|명절, 연말 등 특별한 선물",
None,None,"C,C++ 개발자",엔미디어플랫폼,"서울 송파구 서울시 송파구 법원로 114 A동 11층 (문정동, 엠스테이트)",pc방 관리 솔루션 신규 기능 개발|pc방 관리 솔루션 유지보수|pc방 관련 신규 서비스 개발,"필수 스킬 : C++, socket, RDBMS, MFC|신입 및 관련 경력 보유자","IOCP(or ePoll)유경험자|Boost Asio, cpprestsdk, CodeJock Xtreme ToolkitPro유경험자|MySQL, MariaDB유경험자|Windows OS에 대한 이해도가 높은 자|PC방을 자주 이용하거나 게임을 좋아하는 분",None,MySQL|C++|RDBMS|MFC,"유연, 선택적 근무제|각 부서의 특성에 따라 자율적으로 근로 시간을 조율하는 근무 환경을 제공해요|식대 지원|점심 식대와 카페 포인트를 지원하고 있어요|건강 관리 지원|구성원의 건강을 위해 종합 건강검진과 단체 상해보험을 지원하고 있어요|피트니스 지원|피트니스 이용 비용을 지원하고 있어요|명절 선물|풍성한 명절을 보낼 수 있도록 명절 복지 마일리지를 지급하고 있어요|복지 마일리지|분기별로 개인에 맞는 복지 혜택을 누릴 수 있도록 복지 마일리지를 지급하고 있어요|리프레시 휴가|장기 근속자에게 재충전 휴가와 휴가 지원금을 제공해요|경조사 지원|결혼, 장례, 출산 등 경조사 발생 시 경조 물품 지원 및 선물을 통해 직원과 함께 즐거움과 슬픔을 나눠요|직원 대출 지원|주택 마련, 결혼, 가족 돌봄 등 생활 안정을 위한 직원 대출을 지원하고 있어요|넥슨 캐시 지원|넥슨컴퍼니 구성원으로서 넥슨 게임 캐시를 지원받아요","• 서류 전형 ＞ 1차 면접 ＞ 2차 면접 ＞ 최종 합격
• 지원방법 : 입사지원서(필수), 자기소개서(필수), 포트폴리오(선택)"
None,None,데이터 엔지니어|파이썬 개발자,콘센트릭스서비스코리아CATALYST,"서울 강남구 서울특별시 강남구 테헤란로 509, 엔씨타워 5층","GCP, AWS 환경에서 의사결정 및 대시보드 제작에 필요한 데이터 적재|Python, Airflow를 사용하여 복잡한 ETL/ELT 파이프라인 구축|마케팅 솔루션에서 제공된 API로 데이터를 적재","BigQuery 등 데이터 웨어하우스 관련 경험|SQL, Python을 사용한 개발 스킬|Cloud 환경에 따른 마트 구축 아키텍처를 부분적으로 이해하고, 타인이 개발한 코드를 분석하는 능력|데이터에 대한 문제 해결 능력 및 협업 능력","관련 자격증 보유하신 분(Cloud, RDB, SQL, Bigdata, IT 개발 관련)|마케팅 데이터 및 솔루션을 다뤄본 경험이 있으신 분(GA4, AA, 광고 관련 API, SNS Business 관련)|대규모 데이터 분석 및 처리 경험이 있으신 분|Airflow를 사용하여 복잡한 ETL/ELT 파이프라인 구축 경험이 있으신 분|데이터 모델링 경험이 있으며, 데이터 마트 생성 및 대시보드 구성 경험이 있으신 분",None,Python|SQL|AWS|GCP,"혜택 및 복지|콘센트릭스는 아래와 같은 혜택을 구성원들과 함께 나눈답니다 !|1. For your personal life|단체보험 : 질병/재해 사망, 실손보험 제공|건강검진 및 독감접종비 지원|명절 상품권 지급|고등 자녀 교육비 지원|주택대출이자 지원|호텔 연계할인 프로그램|EAP(Employee Assistance Program) 전문 심리 상담 자문 서비스|2. For your work life|야근 식대 및 택시비 지원|출퇴근용 주차비 지원|직원추천프로그램: 추천직원 채용시 보너스 지급|장애를 가진 직원을 위한 수당지급|3. For your development|신규입사자 OT 및 NEO 프로그램|신규입사자 100일 온보딩 프로그램|영어 교육비 지원|연간 무제한 온라인 학습 사이트 제공|Hobby club 지원|4. For your special moment|신규입사자 웰컴키트 제공|입사1주년 축하선물 제공|승진 축하선물 제공|각종 경조사 경조금, 근조화환, 휴가 제공|장기근속자 포상금 및 특별휴가 제공|Family Day :설(구정)과 추석 명절 연휴전, 연말 마지막 근무일 조기퇴근|Refresh Day: 매월 마지막주 금요일 조기퇴근|Special Day: 생일자 당월 특별 휴가 제공","서류전형-면접전형 - 처우 협의 (인성검사,레퍼런스) -최종합격"
None,None,그래픽스 엔지니어|머신러닝 엔지니어,네트로피,서울 관악구 서울 관악구 관악로 158 BS타워 5층,"새로운 연구 아이디어를 생성하고 제안하며, 이를 평가하여 AI 기술의 지속적인 개선에 기여합니다.|비전 데이터를 활용하여 Neural Rendering 및 생성형 AI 기반의 핵심 AI 모델을 개발합니다.|모델 학습 및 평가를 지원하기 위해 대규모 데이터셋의 전처리 및 관리를 수행합니다.|개발된 AI 모델을 제품에 통합하고 원활하게 동작할 수 있도록 최적화 합니다.","선형대수, 미적분, 통계를 포함한 수학적 기초가 탄탄한 분.|딥러닝 관련 문헌에 대한 깊은 이해를 가지고 새로운 기술을 습득하실 수 있는 분.|새롭게 습득한 지식에서 연구 아이디어를 창출하고 평가할 수 있는 능력을 가진 분.|Neural Rendering 또는 Computer Vision 관련 실무 경험을 가진 분.|Python 및/또는 C++와 같은 AI 연구에서 일반적으로 사용되는 프로그래밍 언어의 사용 경험이 풍부한 분.|영어로 업무 관련한 기본적인 의사소통이 가능하신 분.","CVPR, SIGGRAPH, ICCV, NeurIPS, ECCV 등 최상위 인공지능 또는 컴퓨터 비전 학회에서 연구를 발표한 경험이 있는 분.|소프트웨어 엔지니어링 기술이 뛰어나 프로토타입 제작 등 제품 개발 능력이 출중한 분.",None,Linux|Pytorch|C / C++|JavaScript|Python|Rust|C++|CUDA,편리한 위치: 2호선 서울대입구역 도보 5분 거리에 위치하고 있어요.|유연근무제: 11시까지 자유롭게 출근해요.|식대 지원: 샤로수길 맛집에서 팀원들과 든든하게 에너지 충전하고 일해요.|최신식 장비: 업무 생산성 극대화를 위해 최신식 장비와 생산성 도구를 제공해요.,"지원서 접수 - 직무 면접 (온라인) - 직무 테스트 (기술 과제, 코딩 테스트 등) - 컬쳐핏 면접 (오프라인) - 최종 합격"
None,None,"파이썬 개발자|C,C++ 개발자",에이아이리더,서울 마포구 서울 마포구 독막로9길 18 (서홍빌딩) 3층 A9호(트라이그라운드 홍대점),"(업무내용)|- 데이터 수집, 정제, 가공, 인공지능 학습, 평가|- 영상 인식 모델 벤치마크|- 인공지능 모델 설계|- 인공지능 모델 코딩|(연구분야)|- 다중 시점 상황인지, 다중 영상 동일 객체 식별|- 객체 정보 공유(Hand-over) 및 재식별(Re-Identification)|- 상황인지(Scene&Action&Event Detecting, Recognition)|- 특정 객체 이동 반경 및 행동 분석을 활용한 맞춤형 서비스 개발",경력 : 경력(년수무관)|Python 가능자|OpenCV 활용 경험 보유|Deep Learning 혹은 Object Detection 관련 개발 경험 보유|Linux계열 OS에서 개발 가능자,공개된 인공지능 모델을 활용한 프로그램 개발 경험이 있으신 분|컴퓨터공학 및 소프트웨어 관련 학과 4년제 대졸이상|인공지능/빅데이터 관련 프로젝트 경험이 1년 이상이신 분,2024-11-10,None,"(업무환경)|자유복장/수평적 조직문화(닉네임 호칭)|오픈라운지에서 업무/휴식 가능|커피머신 및 간식 상시 제공|야근식대 지원|8-10시 유연출근제도|(자기계발 지원)|업무관련 자격 응시 비용 지원|※ 특정 자격증 획득 시 월급 외 자격증 수당 추가 지원|(성과 및 장기근속 보상)|역량과 성과 중심의 인센티브제 운영|우수사원/장기근속자 포상|(휴가제도)|연차/반차/반반차 운영|개인연차 제외 여름휴가|성과에 따른 추가 포상휴가|생일/결혼기념일 반차, 창립일 휴가(개인연차 차감X)|매월 마지막 주 금요일 오전 근무 후 퇴근|(기타지원)|명절선물 or 귀향비 지급|청년소득세 90% 감면",
None,None,블록체인 플랫폼 엔지니어|소프트웨어 엔지니어,하이퍼리즘,서울 관악구 서울 관악구 관악로 116 2층,"하이퍼리즘 금융 플랫폼 엔지니어는 가상 자산 관리에 특화된 사내 플랫폼을 개발하고 운영합니다.|수천 개의 가상자산 및 파생상품 포지션을 추적하고 데이터베이스화|펀드와 관련된 다양한 비즈니스 로직(출자, 환매, 대출 등)을 모델링하고 소프트웨어 모듈로 구현|금융 트랜잭션을 실시간으로 처리하고 정확하게 저장할 수 있는 시스템 설계|어드민 페이지의 UI 설계 및 구현|다양한 사내 금융 오퍼레이션을 탐색하여 자동화하고 서비스화/모듈화|기술 스택|Rust: 트레이딩 시스템을 비롯한 주요 핵심 서비스|Python: 인하우스 툴 및 각종 스크립트|Git, Kubernetes, AWS, Datadog, Streamlit","단순 스크립트가 아닌 제품 개발에 Python을 사용한 경험이 있는 분|RDBMS 사용에 대한 깊은 이해가 있는 분|프론트엔드 또는 UI 엔지니어링 경험이 있는 분|오퍼레이션 자동화를 위한 사내 어드민 툴 개발 및 운영 경험이 있는 분|비즈니스 로직을 정확하게 프로그래밍하고 철저하게 QA 할 수 있는 분|사용자 요구사항을 체계적으로 정리하고 효율적인 해결 방법을 기민하게 모델링 할 수 있는 분|정확한 커뮤니케이션 능력과 높은 업무 스탠다드로 꼼꼼한 일 처리를 하는 분|문제를 찾아내고 분석하는 비판적 사고 능력을 가진 분|""주민번호, 현재 연봉 및 희망 연봉 등의 민감 개인정보는 삭제 또는 마스킹 후 제출해 주시기 바랍니다""","프로덕션 환경에서 Rust 사용 경험이 있는 분|암호화폐 생태계에 대한 깊은 이해가 있는 분|금융 관련 시스템 또는 서비스 개발/운영 경험이 있는 분|금융, 회계, 트레이딩 관련 경험 또는 지식이 있는 분|Streamlit 프레임워크에 익숙한 분|풀스택 엔지니어링이 가능한 분",None,None,"고수준의 기본급 보장|회사 수익에 따라 매년 업계 최고 수준의 성과급을 지급|뛰어난 성장성과 높은 퍼포먼스를 보여주는 분께는 스톡옵션 지급|＜업무 환경＞|근무시간 : 09:00 ~ 18:00|야근 없고 자유로운 분위기의 사무실|넉넉한 점심 식대 제공|도쿄 본사 크로스 오피스 근무 지원 (반기 1회, 1달 이내, 체류비 지원)|서울대입구역 도보 7분 : 서울 관악구 관악로 116 학선빌딩 2층|16인치 MacBook Pro (Apple Silicon) 및 4k 모니터 제공|자기계발비 연간 최대 100만원 지원","채용 프로세스
• 서류 심사 ＞ 1차 인터뷰 ＞ 2차 인터뷰 ＞ 개발 과제 ＞ 3차 인터뷰 ＞ 오퍼
• 최종 오퍼 전 레퍼런스 체크가 진행될 수 있습니다.
• 개발 과제는 약 10시간 정도 소요되는 난이도이며 일주일 정도의 여유로운 기한 내에 수행하게 됩니다.
• 지원자의 경력과 배경에 따라 일부 과정은 생략되거나 간소화 될 수 있습니다.
• 주민번호, 현재 연봉 및 희망 연봉 등의 민감 개인정보는 삭제 또는 마스킹 후 제출해 주시기 바랍니다.
• 채용절차와 무관한 100% 캐주얼 커피챗도 가능합니다! 회사에 대해 궁금한 점이 있으면 지원 이전에 커피챗 문의 부탁드려요"
None,None,프로덕트 매니저,엔츠,"서울 강남구 서울특별시 강남구 논현로87길 15-6, 4층","이미 제품을 사용하고 있는 고객과 잠재고객의 VoC 를 취합하고 적시에 개발될 수 있도록 니즈와 상황에 따라 분류하고 티켓으로 적재합니다.|QA 시스템을 구축하고 유기적으로 연결되어 있는 다양한 기능이 업데이트 되면서 정합성을 유지할 수 있도록 기여합니다.|엔스코프 제품 개발, UX, 디자인 등 전반적인 오너십을 가지고 개발자 및 탄소 전문가들과 함께 제품 개발을 주도합니다.|""기업이 탄소를 측정하고 감소시킬 수 있도록 하자"" 라는 가치를 제공하기 위해, 이를 달성하기 위한 방안을 끊임없이 고민하고 새로운 시도와 피드백 수렴 및 개선을 빠르게 반복합니다.|제품 개발 및 팀 프로젝트의 핵심 지표 정의부터, 액션 아이템 추진 및 결과 도출 까지의 전체 로드맵을 구성하고 이를 실행합니다.|탄소중립에 대응하고자 하는 기업 고객의 페르소나를 이해하고 그들에게 필요한 제품을 만들기 위해 끊임없이 고객에 대해 공부하고 대화합니다.","스타트업에서 빠른 성장을 경험해보고 싶은 분|제품 개발과 관련한 다양한 이해관계자들(개발/디자인/마케팅/영업/고객)과 충분한 커뮤니케이션을 통해 안정적으로 프로젝트를 이끌어보고자 하는 분|스스로 목표와 전략을 설정하고, 주도적으로 업무를 진행하여 문제의 핵심을 빠르게 찾고 해결해본 경험이 있는 분|소프트웨어 개발 및 데이터에 대한 이해도가 있는 분",고객의 VoC에 공감하고 집중해 문제를 해결할 의지가 있으신 분|팀원들과 제품에 대해서 끊임없이 같이 고민하고 토론하는 것을 즐기는 분|B2B SaaS 제품에 대한 경험과 지식이 있는 분,None,None,"＜업무에 집중할 수 있는 최적의 근무환경을 제공합니다＞|- 정규직 입사 시 예산 내에서 원하는 사양의 맥북 또는 Windows 노트북과 업무용 장비 제공|- 자유로운 출퇴근 시간 (11시~4시 코어타임 근무)|- 업무와 관련된 도서 구매 지원|＜엔츠인들의 건강하고 즐거운 직장생활을 지원합니다＞|- 휴식도 중요하니까, 매월 마지막 주 금요일은 조기 퇴근 (오후 3시 퇴근)|- 점심, 저녁 식대 전액 지원|- 간식과 고급 원두커피 제공(그라인더도 있어요!)|- 20만 원 상당의 건강검진 지원",
None,None,"그래픽스 엔지니어|C,C++ 개발자|머신러닝 엔지니어",이마고웍스,서울 강남구 서울시 강남구 강남대로 636,"수학적/기하학적 알고리즘 설계 및 구현|3D 모델링 및 시뮬레이션 알고리즘 개발|성능 최적화를 위한 효율적인 알고리즘 설계|다양한 CAD 시스템 요구 사항에 맞춰 모듈 및 기능 개발|Dentbird Solutions 제품화 및 성능 개선, 최적화, 보안 강화 및 유지보수|요구 사항에 따른 기능 설계 및 구현|다양한 솔루션 모듈 개발 및 통합 작업 수행|[커리어비전]|Web기반 3차원 렌더링 기술을 도입한 소프트웨어를 개발할 수 있게 됩니다.|인공지능 기능을 비롯하여 다양한 라이브러리를 개발 및 활용할 수 있게 됩니다.|CAD 알고리즘을 로컬환경 뿐만아니라 웹환경에서의 개발도 가능하게 됩니다.|Mesh 구조, 알고리즘을 설계 구현 가능하게 됩니다.","주도적으로 문제를 해결하는 능력이 뛰어나신 분|자유롭게 토론하고 의견을 제시하며, 일이 되도록 결과를 만들어 내는 분|프로그래밍이 능숙하신 분|컴퓨터공학 또는 관련학과 석사 학위 이상 소지하신 분|* 필수제출서류/자유양식|1. 상세 경력이 포함된 이력서|2. 자기소개서 (대학 이전은 기술하지 말 것)|3. 개발 포트폴리오","개발 환경, 프로그래밍 언어에 제한 없이 다양한 환경 및 언어를 편하게 하실 수 있는 분|3D CAD 또는 그래픽스 관련 S/W 제품 개발 경험|딥러닝 활용 S/W 개발 경험|의료 데이터 처리 경험",None,OpenGL|TypeScript|Scripting|C++,"직원이 편해야 회사가 잘된다 !|수평적인 조직 문화|자율 출퇴근제 운영|자유 복장 (반바지, 모자, 슬리퍼 등 모두 OK)|신사역 도보 3분 거리|시디즈, 듀얼 모니터, 모니터암 등 제공|아낌없이 주는 회사 !|점심 식대 지원 / (필요시) 저녁 식대 지원|맛있는 스낵, 쿠키, 음료, 커피 등 간식 무한 제공|입사 시 Welcome Kit 지급|업무에 필요한 사무용품 제공|생일 선물로 상품권 및 오후반차 지급|경조사 휴가 및 경조비 지급|자유로운 연차 사용 및 장기 근속 휴가 제공|명절선물 지급|임차료 및 교통비 일부 지원|Work Life Balance !|팀원의 성장은 팀의 성장 ! 도서, 온라인 강의, 화상 영어 교육 등 자기계발 지원 !|스포츠, 문화 생활 등 사내 동아리 활동 지원|팀워크 향상을 위한 팀별 Culture Day 운영|건강검진 지원","서류 심사 - 1차 면접 - 2차 면접 - 입사 제안   
(전형 별 합격자에 한하여 개별 연락 드립니다)"
None,None,머신러닝 엔지니어,미피아,서울 동작구 서울시 동작구 상도로 55길 8-3 103호,"DB내에 있는 음원을 활용해 표절을 탐지하는 방법론 연구|AI를 활용해 음악 표절 검사 서비스, 표절 모니터링 서비스 고도화 연구|연구 결과 논문 작성 및 특허 출원",자연계 석사 졸업 이상 학위|음악/음악 신호 처리에 대한 전문지식 보유자|Pytorch 및 Tensorflow등의 머신러닝 프레임워크 개발 경험|연봉 4천만원 스톡옵션 2% or 4800만원,"관련 주요 학회 또는 저널 논문 개제 실적 우대|Metric Learning, Musical Similarity, Music Information Retrieval 관련 연구 경험|Music Data로 AI를 직접 연구한 경험|음악에 관한 전문 지식",None,Tensorflow|Python,오전 9~12시 사이 일 8시간 유연근무제|주1회 재택 근무 가능|4대 보험 및 퇴직금|중소기업 취득자 소득세 감면,"서류 ＞ 대면 면접 및 간단한 테스트 ＞ 최종합격
합격자 별도 안내드립니다."
None,None,머신러닝 엔지니어,섬재,서울 강남구 서울 강남구 학동로33길 31,"AI Researcher / Engineer 직무는 자동화 모델을 연구하고 개발하여, AI 솔루션의 효율성을 높이는 것을 목표로 합니다. 이 역할은 자동화된 모델링 기법을 연구하고 이를 실제 환경에 적용합니다.|[주요 업무]|- 자동화된  모델링  기법  연구  및  개발|- 모델  성능  평가  및  개선을  위한  데이터  분석|- 최신  자동화  기술  및  트렌드  분석|- 모델의  프로덕션  환경  배포  및  관리","- 머신러닝  및  자동화  모델링에  대한  깊은  이해를  가지신  분|- Python, TensorFlow, PyTorch 등  머신러닝  프레임워크  사용  경험이  있으신  분|- 데이터  분석  및  처리  능력이  뛰어나신  분",- 자동화  모델  관련  프로젝트  경험이  있으신  분|- 클라우드  인프라  사용  경험이  있으신  분|- 온/오프라인  학습  서비스의  사용자  경험(튜터 / 학생  무관)이  있으신  분,2024-11-08,None,- 직전 연봉 기준 협의 후 조정|- 시차 출퇴근제 적용|- 중식 및 야근 시 석식 제공,
None,None,"임베디드 개발자|C,C++ 개발자",에니아이(Aniai),서울 성동구 서울 성동구 상원1길 22 굿타워,"- 주방 자동화 로봇, 테스트 장비의 펌웨어 개발|- 사내 로봇 OS의 커널 개발 참여|- 주방 자동화의 각종 프로토콜 (통신, 로그 등) 유지보수|- 로봇 GUI 소프트웨어 개발|- 펌웨어 배포 파이프라인 구축|- 필요한 경우 공급사, 테스트 Lab, 생산공장, 고객사 등 출장을 갈 수 있습니다.","- C와 Python에 대한 개발 경험이 있으신 분|- MCU 개발 경험 또는 지식이 있으신 분|- Git, GitHub을 활영하여 협업한 경험이 있으신 분|- EE 또는 CS 분야의 학사 학위 이상 또는 그에 준하는 경력을 가지고 계신 분|- Technical Presentation에 능숙하며 뛰어난 의사 소통 역량을 보유한 분","- STM32 기반 또는 아두이노 기반 임베디드 개발 경험이 있는 분 (IoT, 모터, 센서 관련 개발 경험)|- Jira 등 Issue tracking tool을 사용해보신 분|- 리눅스 개발 환경을 경험해보신 분.|- ARM 기반 리눅스 어플리케이션을 개발해보신 분|- 개발팀에 필요한 프레임워크를 찾거나 구축할 수 있는 분|- Linux kernel 또는 OS 관련 지식이 있는 분|- 오픈 소스 기여하거나 관심이 있는 분",None,Git|Github|C / C++|Python|마이크로프로세서,"- 채용 인원: 0명|- 채용 형태: 3개월 수습 후 정규직 전환 여부 결정|- 수습기간에도 연봉 100% 지급, 4대 보험 가입, 1개월 만근시 1일 유급 휴가 사용 가능, 정규직과 동일한 복지 제공|- 급여 및 연봉: 개인 역량에 따라 협의를 통해 결정|- 근무 장소: 서울특별시 관악구 봉천로 사무실 (23년도 1월 성수동으로 이전 예정)",
None,None,머신러닝 엔지니어,라온데이터,서울 중구 서울특별시 장충단로 209 5층,"주어진 비즈니스 문제를 가장 효과적으로 해결할 수 있는 AI 기술을 탐색합니다.|최신 ML/DL 기술을 follow-up 하고 우리 팀의 문제해결에 도움을 줄 수 있는지 검토합니다.|개발한 ML/DL 모델을 학습하고 정확하게 평가합니다.|Data Engineer, SW Engineer와 협업하여 모델을 배포하고 평가합니다.","PyTorch를 활용한 딥러닝 모델 구현 경험이 있고, 최신 딥러닝 논문을 빠르게 이해하고 정확히 구현할 수 있는 분|AI 관련 분야 전반, 머신러닝, 딥러닝 이론에 대한 전반적인 이해가 있는 분","국제학술지,학술대회에 1저자로 논문 게재 경험이 있는 분",None,Pytorch|Python|Docker,"모든 팀원간의 수평적인 관계|입사 시 300만원 상당의 기기 지원|회사 내에 스터디/연구 적극지원|자유로운 분위기|저녁식대 지원(14,000원)|사무용품비 지원(최대 30만원)",서류전형 - 온라인 면접 - 오프라인 면접
None,None,데이터 엔지니어|데이터 사이언티스트|머신러닝 엔지니어,비주얼캠프,서울 서초구 서초구 매헌로16길 32 희경빌딩 F동 401호,"R&D팀에서는 시선추적에 필요한 다양한 기술을 연구/개발합니다.|시선추적 기술 연구|- 시선추적에 필요한 딥러닝 모델들을 학습 및 실험|- 새로운 머신러닝, 시선추적 관련 논문들을 리뷰하며 더 나은 기술 탐색|시선추적 기술 개발|- 모바일 전면카메라, PC 웹캠의 얼굴 이미지로 시선추적이 가능한 기술 개발|- 시선추적 기술의 성능향상을 위해 새로운 알고리즘과 방법론을 제시|모델 배포|- PyTorch 및 TensorFlow 로 작성된 AI 모델 최적화|- 딥러닝 모델의 배포 및 운영","C++, Python 프로그래밍에 능숙하신 분|Computer vision, Image processing 이론에 대한 전반적인 이해|딥러닝 모델에 대한 이해 및 학습 경험|딥러닝 프레임워크(TensorFlow, PyTorch) 개발 전문성 보유|최신 기술 동향을 놓치지 않고 파악하여 문제를 해결할 수 있는 능력|팀원들과 적극적으로 소통할 수 있는 분, 스스로 동기부여가 되는 분, 학습능력이 좋은 분","MLOps 구축 경험|딥러닝 모델에 Quantization, Distillation 적용 경험|서비스/ 프로덕트를 위한 딥러닝 모델의 추론 최적화 경험|탑 티어 컨퍼런스/SCI 논문 저자|컴퓨터 비전, 인공지능 관련 분야 학위가 있으신 분(석/박사 우대)",None,Github|C / C++|Python,"희망 연봉 기재, 경력이 있으신 분들은 이전 직장 연봉 이상으로 협의|스톡옵션 부여|자율 출퇴근|자율 휴가제도 (+여름 휴가제도)|원하는 간식 무한제공|도서 구입비 무한지원, 세미나 참가비 지원, 스터디 모임 지원|개인장비 지원 (최신형 맥북 프로, iMac, PC, 대형 모니터)|4대보험","[채용 절차]
서류 전형 ＞ 과제 전형 ＞  1차 인터뷰 ＞ 2차 인터뷰
   • 과제전형(7일) : 문제해결능력 코딩 과제
   • 1차 인터뷰(화상, 30분 정도) : 본인 소개, 질의 응답, 기존에 했던 프로젝트 경험, 비전기술에 대한 질의 응답
   • 2차 인터뷰(화상 혹은 사내, 1-2시간 정도) : 임원 면접 및 심층 기술 질문"
None,None,"파이썬 개발자|C,C++ 개발자",자이언트스텝,서울 강남구 서울 강남구 학동로37길 8 (논현동),디지털 휴먼 임베딩 관련 R&D|데이터 처리 파이프라인 구축|인공지능 학습 파이프라인 개발 및 유지보수|인공지능 서비스 애플리케이션 개발 및 유지보수,"인공지능 관련 학과를 졸업자 또는 인공지능 관련 애플리케이션/서비스 개발 경험을 보유하신 분|python, 혹은 C++ 사용이 능숙하신 분",Vision 관련 연구 논문을 등재하신 분이거나 Vision 분야 프로젝트 수행 경력을 보유하신 분|모델 최적화/경량화 관련 지식을 보유하신 분|디지털 휴먼 관련 프로젝트에 참여했던 경력을 보유하신 분|pytorch 나 tensorflow 등을 능숙히 사용하실 수 있는 분|numpy 잘 쓰시는 분,None,None,"정규직 채용 (수습기간 3개월 적용, 수습기간내 급여 100%지급)|4대보험|중식비 지원|야간 교통비 지원|사내 카페테리아|경조금|퇴직연금|생일상품권|설/추석 선물|연말 우수사원 포상|휴양시설(콘도) 이용",* 전형절차 : 서류전형 ＞ 온라인 역량 검사/코딩테스트 ＞ 면접전형 ＞ 최종합격
None,None,데이터 엔지니어|데이터 사이언티스트|머신러닝 엔지니어,인티그리트,서울 강남구 서울시 강남구 삼성로 547  BK타워 5층,"- 컴퓨터 비전, 센서 퓨전|- 머신러닝 R&D|- 음성대화서비스|서류 전형 ＞ 1차 면접 ＞ 2차 면접(상황에 따라 생략 가능) ＞ 최종 합격","- 학력: 학력무관|- 컴퓨터 비전 및 머신러닝 설계 및 검증 관련 지식이 있으신 분|- TensorFlow, Pytorch 언어 관련 지식이 있으신 분|- Pytorch, go, C/C++ 활용한 알고리즘 및 시스템 설계 관련 지식이 있으신 분|- Deep Learning Framework 설계 관련 지식이 있으신 분|- Speech-To-Text, Text-To-Speech 관련 지식이 있으신 분|- ChatGPT API 및 프롬프트 엔지니어링 관련 지식이 있으신 분|- 관련된 최신 논문을 이해하고 신속한 설계 및 구현 관련 지식이 있으신 분","- 자율주행 로봇, 모빌리티 개발 관련 프로젝트 경험이 있으신 분(우대)|- 관련된 상용화 및 고도화 관련 프로젝트 경험이 있으신 분(우대)|- 음성대화서비스 관련 프로젝트 경험이 있으신 분(우대)",2024-11-02,None,"면접 후 급여조건 결정(최대한 역량에 맞는 급여조건 충족)|자유로운 근무 복장|자유로운 휴가 사용|휴게실 음료 제공|자기 개발 도서구입비용 지원|경조 휴가, 경조사비 지급|연장근무 시 석식비 지원|연장근로 및 휴일근로수당 지급|야간교통비 지급|연차수당 지급|창립일 휴무|지인 추천 입사 제도(입사 확정시 100만원 지급)",None
None,None,자바 개발자|안드로이드 개발자|서버 개발자,페이타랩(패스오더),"서울 강남구 서울특별시 강남구 영동대로 85길 34, 6층","【페이타랩 프로덕트팀】|프로덕트팀은 패스오더 유저와 점주님을 연결하며 고객지향적인 프로덕트를 만드는 팀이에요. 프로덕트의 성장을 위해 각 팀에서 실현하고자 하는 수많은 아이디어와 프로젝트를 유기적인 의사소통을 통해 흡수하고 구현해내고, 이를 위해 불필요하고 복잡한 업무 프로세스를 지양하며 실행 중심의 효율적인 업무 문화를 갖고 있어요.|“개발의 마지막 관문”이라는 마음가짐으로 안정적이면서도 혁신을 일으킬 수 있는 프로덕트를 개발하기 위해 수단과 방법을 가리지 않고 학습하고 실행하는 팀이에요. 프로덕트 매니저, 프로덕트 디자이너, 데브옵스 엔지니어, 개발자 등 프로덕트를 실현하는 과정 자체에서 즐거움을 느끼는 사람들과 그 이상으로 비즈니스 임팩트가 가장 중요하다는 점에 공감하는 사람들이 모여있어요.|【오시면 이런 업무를 하게 되실 거예요!】|패스오더 사용자가 쉽고 편하게, 그리고 안전하게 서비스를 이용할 수 있는 Android 앱을 개발하고 운영해요.|Kotlin을 주 언어로 안드로이드 어플리케이션을 개발, 운영, 최적화 작업을 하게 돼요.|AOS/ 웹 개발자와의 협업을 통한 모바일 서비스를 개선해요.|더 나은 서비스를 위한 새로운 기술 도입, 구조 개선, 성능 최적화 등의 다양한 시도를 해요.|【개발환경】|사용언어: Kotlin, Java|개발환경 및 도구: Android Studio","【 병역특례자 (산업기능요원) 지원 】|병역특례 지원 시 원활한 진행을 위해 병역유형을 기재해주세요.|현재 패스오더는 현역전직/보충역 신규/보충역 전직이 가능합니다.|【이런 분을 찾고 있어요!】|Java 및 Android framework에 대해 높은 이해도를 갖고 계신 분|모바일 앱 UX에 대한 이해도 및 AOS 휴먼 인터페이스에 대한 이해도가 높은 분|사용자 경험을 개선하는데 필요한 퍼포먼스 개선 및 네트워킹 구현 경험이 있는 분|Android App Architecture Guideline을 잘 이해하고 있으신 분|Coroutines, Flow, ViewBinding 등 Android 최신 기술 동향 및 최신 라이브러리에 익숙하신 분","【이런 분이면 더 좋아요!】|Kotlin, Java에 대한 지식이 풍부하고 관련 경험이 많으신 분|효율적인 협업을 위한 AOS 프로젝트의 기반 작업 경험이 있으신 분|MVVM 디자인 패턴 적용에 대한 경험이 있는 분|동료와 다양한 학습 내용을 공유하고 서로 도움을 주고 받으며 함께 기술적으로 성장하고자 하는 마인드를 가진 분|요구사항 분석 및 다른 개발자와 협업을 위한 원활한 커뮤니케이션 능력을 가지신 분",None,None,"【저희는 이렇게 일해요!】|1. 그냥 하는 일은 없어요. 스스로 업무를 할 때 '왜?'를 항상 생각해요.|2. 완벽한 결과물은 없다고 생각해요. 빠르게 실행해 보고 아니면 개선해 나가요.|3. 하나의 팀으로 연결되어 있어요. 사내의 모든 정보는 투명하게 공유하고 있어요.|4. 스포츠팀처럼 일해요. 각자의 포지션에서 최고가 되기 위해 끊임없이 성장해요.|5. 개인의 성장을 지지해요. 누구나 원하는 만큼 성장할 수 있도록 회사가 지원을 아끼지 않아요.|6. 직책 및 연차와 상관없이 모든 구성원이 자유롭게 소통하고 대단하게 피드백을 주고받아요.|7. 관계는 수평적이에요. 직급 대신 ‘님’이라는 호칭을 사용하고, 상호 존칭을 사용하며 서로를 존중해요.|8. 업무는 수직적으로 해요. 책임을 지는 의사 결정권자와 실무자의 구분을 명확히 해요.|9. 구성원들을 진심으로 아끼고 배려해요. 일은 힘들 수 있지만, 사람 때문에 힘든 일은 없어요.|10. 저녁 회식이 없어요. 다음 날 최상의 컨디션으로 일할 수 있도록 회사가 방해하지 않아요.|【당신의 성장을 적극적으로 지원해요!】|■ 오직 일과 성장에만 몰입하고 집중할 수 있도록|업무 효율을 낼 수 있는 최고 스펙 장비 제공|┕ 맥북프로, LG 그램 (2-3년 주기 업그레이드)|27” 듀얼모니터 제공|쾌적한 업무 환경 제공 (스타일러, 가습기, IQ Air 공기청정기)|키보드, 마우스 등 필요한 주변기기 맞춤 제공|개인별 법인카드 지급 (식대, 출장 등에 사용)|사유를 묻지 않는 자유로운 연차 사용|■ 원하는 만큼 배우고, 성장할 수 있도록|교육비 무제한 전액 지원|세미나, 컨퍼런스 참여 비용 무제한 지원|20개 이상 교육 또는 온라인 콘텐츠 구독|도서 무제한 구입 지원|Chat GPT 4.0 지원|업무에 필요한 다양한 툴 적극 지원|■ 함께하는 구성원이 행복할 수 있도록|법인카드 식대 지원(식대 1만 1천원)|패스오더 포인트 매월 지급 (50,000P)|에스프레소 머신, Tea 무제한 제공|간식(스낵바) 무제한 제공|종합건강검진 지원|명절 백화점 상품권 지급|생일 축하 백화점 상품권 지급|구성원 경조사 발생 시 근조화환 및 경조 휴가, 경조금 지원|【이런 여정을 거치게 되실 거예요!】|서류전형 ＞ 사전 테스트(필요 시 생략) ＞ 1차 인터뷰(직무) ＞ 2차 인터뷰(컬쳐 핏) ＞ 서류, 레퍼런스 체크 ＞ 최종합격|전형이 생략되거나 추가 및 변경되는 등 지원 포지션 및 경력 등 기타 상황에 따라 유연하게 진행하고 있어요.|개발자 및 일부 포지션의 경우 서류전형 다음으로 사전 테스트(코딩테스트, SQL 테스트, 과제테스트, 사전질문 등)를 진행해요.|합격 여부와 관계없이 모든 전형의 결과를 안내해 드리고 있으며, 결과는 알림톡 및 메일을 통해 안내드려요.|레퍼런스 체크를 진행하게 될 시, 사전에 지원자님께 반드시 동의를 구하고 진행해요.|입사일, 처우 협의 등은 최종합격 시 진행하고 있으며, 가능한 지원자님의 상황을 배려해 드리고 있어요.|【이렇게 일하게 되실 거예요!】|근무 형태: 경력 3년 미만 (6개월), 경력 3년 이상 (3개월) 수습|* 수습 기간은 지원자님과 회사가 서로를 알아가는 소중한 기간이에요. 수습 기간에도 급여 100% 지급 및 동일한 복지가 적용돼요. 수습기간 이후 내부 기준에 따라 정규직으로 계약하고 있어요.|근무 지역: 서울 삼성역 인근 (강남구 영동대로 85길 34, 6층)|【채용에 진심인 채용담당자의 한마디】|구성원분들을 부품으로 여기지 않고, 한 분 한 분을 소중하게 생각하는 만큼 시간이 오래 걸리더라도 신중하게, 우리와 맞는 분을 모시기 위해 노력하고 있어요. 일부 지원자분들에게는 페이타랩 합류 과정이 다소 까다롭고 긴 여정이라고 느끼실 수도 있지만, 서로에 대해 깊게 알아가는 시간이라고 생각해 주시고 우리의 채용 여정을 진심으로 바라봐 주시면 감사하겠습니다. :)",
None,None,"파이썬 개발자|C,C++ 개발자",평행공간,서울 서초구 서초구 강남대로327 서초대륭타워 평행공간 기업부설연구소,필수 사항|1. 학습에 대한 열망|2. Clean code 에 대한 수용|주요업무|1. Geometric Algorithm / Machine Learning Algorithm 관련 논문 연구 완벽한 이해|2. 관련 코드 테스트 및 리펙토링|3. 리펙토링한 코드를 사내 접목|4. 신입/경력 가능 팀내에서 함께 협업하여 공동개발 가능한 개발자를 찾습니다.,논문에 대한 열의 및 논리적 사고|해당 기술 구술 능력,clean code 에 대한 이해와 refactoring 경험.|C++/python개발 경험|Geometric Algorithm / Machine Learning Algorithm 개발 경험|관련 분야 석사이상|수학과/물리학과/기계공학과 우대,2024-11-11,Github|C / C++|Python,"8시~10시 자유로운 출근으로 유연근무제 실행|전 직원 삼성화재 건강보험 가입|힘든 일, 좋은 일 함께 경조사비 지급|업무 관련 외근 시 교통비, 식대 추가 지급|반반차, 반차 자유로운 연차 사용|사무실 내 건강한 간식 제공|명절 전날 조기 퇴근 실시",서류전형 - 1차면접 (실무) - 2차면접 (임원) - 합격여부 통보
None,None,"C,C++ 개발자|머신러닝 엔지니어|소프트웨어 엔지니어",모본,서울 강남구 서울시 강남구 삼성동 140-28덕우빌딩 3층,영상 인식 알고리즘 개발 엔지니어 (신입/경력),"4년제 관련 대학 전공 (컴퓨터 비전 분야, 딥러닝 분야)|영상 인식 알고리즘 개발 경력자|Python, C/C++을 활용한 알고리즘 개발 경력이 있으신 분|전문연구요원 가능",딥러닝 기반 알고리즘 개발경력자|석/박사 학위자 우대,2024-12-31,None,"인사 고과: 연공 서열이 아닌 업적과 능력 기준으로 연봉 및 승진|연봉: S급 인재- 업계 최고 대우|연금 보험: 국민연금, 건강보험, 고용보험, 산재보험, 퇴직연금|주 5일 근무, 각종 경조 휴가|각종 경조금 지원|우수 사원 표창 및 포상 (년 2회 실시)|교육비 지원, 자기 계발비, 직무 교육 지원|장기 근속자 포상,  해외 연수 제공",
None,None,머신러닝 엔지니어,메멘토에이아이,서울 강남구 강남구 테헤란로 509 엔씨타워 I,"LLM, RAG 기반 애플리케이션 개발|Prompt engineering","머신러닝 서비스 (LLM 포함) 개발 경험이 있으신 분|프롬프트 엔지니어링에 대한 깊은 이해도가 있으신 분|컴퓨터공학에 대한 깊은 이해도가 있으신 분|LangChain, crew.ai 같은 LLM 애플리케이션 프레임워크를 다뤄본 경험이 있으신 분",컴퓨터공학 혹은 머신러닝과 관련된 공학 백그라운드 석사 학위 이상 취득하신 분|최근 LLM / RAG와 관련된 논문들을 읽고 이해하고 이를 구현하실 수 있는 분,None,Python|AWS,"자율 출퇴근제 (08시 ~ 10시 / 17시 ~ 19시)|업무 성과와 연동되는 업계 최고 수준의 급여 (본인이 한 만큼 가져갈 수 있도록 급여 체계 구성)|맥북, 모니터 지원|점심 식사 지원, 야근시 석식 지원|커피 무제한 제공|삼성역 코세권 사무실","• 서류 접수 ＞ 과제 전형 ＞ 대면 인터뷰 ＞ 채용

[제출 서류]
• [필수] 이력서
• [필수] 자기소개서
• [필수] 포트폴리오 (URL or PDF)"
None,None,프로덕트 매니저,보이저엑스(VoyagerX),서울 서초구 서초구 서초대로38길 12 마제스타시티 타워1 10층 (주)보이저엑스,"보이저엑스의 서비스 기획 인턴은 다음과 같은 활동을 통해 사용자들이 보이저엑스의 여러 서비스들을 더욱 즐겁고 편리하게 사용할 수 있도록 합니다.|1. 문제의 발견: 정량적, 정성적인 방법으로 사용자가 겪고 있는 문제를 발견합니다.|2. 문제의 정리: 발견한 문제를 논리적이고 체계적으로 잘 정리합니다.|3. 문제의 공유: 정리된 문제를 여러가지 방법으로 잘 공유합니다.|4. 해결책의 제시: 문제의 해결책을 제시합니다.|추가적으로 다음과 같은 업무도 합니다.|5. 그 외 사용자 응대 등 보이저엑스의 서비스 기획자가 하고 있는 모든 일의 보조",필수 사항: 아래 사항들은 모두 반드시 갖추고 있어야 합니다.|0. 인턴 지원 자격에 해당하는 분|1. 성실하고 꼼꼼한 분|2. 정직하고 책임감이 강한 분|3. 공감하고 경청할 수 있는 분|4. 각종 소프트웨어를 잘 다루는 분|5. 글을 잘 읽고 잘 쓸 수 있는 분|6. 논리적이고 분석적인 분,아래 사항을 갖추고 있으면 더욱 적합합니다.|1. 영어 또는 일본어로 의사 소통이 가능한 분,None,None,"휴가사용은 자유롭게 + (무급) 휴가 무제한|동료와 원활한 협업을 위해 11시부터 6시 사이에 근무.|- 주당 40시간 약속만 잘 지키면 되며, 그 외 시간은 구성원이 자유롭게 조정할 수 있습니다.|주2회 재택근무 및 협의시 재택근무 추가 가능|일과중 아무때나 카페에서 일할 수 있음 (전체회의이어도 카페에서 원격 참석 가능)|넓은 사무실/ 가로 180짜리 책상에 큰 서랍 / 전동식 스탠딩 데스크 가능|키보드, 마우스, 모니터 최고급 사양/ 개인맞춤형 구매|소프트웨어, 하드웨어, 사무용품, 책 원하는 만큼|좋은 커피, 음료 및 과자무제한, 맥주무제한|간단한 운동 가능 (운동 및 휴식공간)|퍼즐, 레고, 보드게임 등 간단한 놀이 가능 (회사비용으로 구매)|공식적 회식은 연 1회 수준 (팀회식은 점심에 맛집에서)","1. 서류 심사: 아래 내용을 각 항목별로 자기소개서에 담아 이력서 및 포트폴리오와 함께 제출해주세요.
지원 서류에 아래 내용이 포함되시지 않은 분께는 이메일을 통해 추가 서류 제출을 요구드릴 수 있습니다.

1) 자격 요건에 본인이 얼마나 잘 맞는가
2) 주요 업무를 얼마나 잘 해낼 수 있는가

2. 과제 전형: 서류 합격 후 전달 드리는 과제를 수행하여 메일로 제출해주시면 됩니다.
과제 전형에 참여해주시는 모든 분께 채용 과제 사례비가 지급됩니다.

3. 면접: 직원, 대표와의 면접을 2차, 필요시 최대 3차까지 볼 수 있습니다."
None,None,프론트엔드 개발자|안드로이드 개발자,리비바이오,서울 강남구  서울특별시 강남구 역삼로3길 17 혜진빌딩,"기존 또는 신규 프로젝트 개발 및 유지보수|Kotlin을 이용한 Android Application 개발|Jetpack(Compose 및 ViewModel, LiveData, Room)을 이용함|[개발환경]|사용언어: Kotlin(주), Java(부)|업무도구: Git,  Slack, Notion 등",병역특례 대상자,"Google PlayStore 출시 경험이 있으신 분|Thread와 비동기 프로그래밍에 대한 이해가 있으신 분|MVP, MVVM 디자인 패턴에 대한 이해가 있으신 분|클린 아키텍처 방법론을 준수하는 견고하고 확장 가능한 소프트웨어 솔루션을 설계, 구현해본 경험이 있으신 분|Git 등의 분산 버전 관리 시스템 이용에 능숙한 분|원활한 커뮤니케이션 능력을 보유하고 있으신 분|나의 성과보다 팀의 성과, 개별 팀의 성과보다 서비스 전체의 성과를 추구하시는 분|전달해야 하는 정보를 글로 잘 표현하시는 분|좋은 함수/변수 이름을 위해 깊은 고민을 경험하신 분|내가 개발한 것을 관련없는 일반인에게 쉽게 설명할 수 있는 분",None,Git|Slack|Java|Kotlin|Notion,"시차출퇴근제 운영 (8시~10시 사이 선택)|자유로운 근무환경과 자율복장|개발에 필요한 최신형 개인장비 제공 - 맥북 프로, 27인치 모니터 등|점심식대(식권대장 포인트) 제공|회사 인근에 위치한 죠샌드위치 역삼키토선생점 전메뉴 50% 할인|프리미엄 프라이데이 운영 (매월 마지막 주 금요일 오전 근무만)|부모님 생신 조기퇴근|생일 오후반차 제공|창립기념일 휴무 (매년 2월 19일)|육아서포트제도 운영|경조사 지원 - 경조휴가, 경조금 및 경조화환 지원|설 및 추석 명절상품권 지급",None
